100,gui,,,MIAMI,,,,1,
1000,"BAYLY, INC.",4151 N. 29TH AVE.,,HOLLYWOOD,FL,33020,954-923-0255,1,louie728@datakey.cc
1010,AB FORM,P.O. BOX 53983,,LAFAYETTE,LA,70505,337-837-9675,1,
1020,ADMIRAL FARRAGUT ACADEMY,501 PARK ST. N.,,ST. PETERSBURG,FL,33710,727-384-5503,1,
1030,BISHOP COMPANY,P.O. BOX 559,,BIGFORK,MT,59911,562-698-9818 (STORE),1,BILLING: 562-309-2628/(FAX)406-755-2904
1040,MC CAIN UNIFORMS,320 BEACON PARKWAY WEST,,BIRMINGHAM,AL,35209,205-942-9223,1,
1050,AMERICAN BAND ACCESSORIES,2061 N. JAMES RIVER CT.,,NIXA,MO,65714,417-725-6644,1,702-951-8573(T)/702-951-8577(F) - LAS VEGAS
1060,AMERICAN BAND SUPPLY,3207 TALLY HO DRIVE,,KOKOMO,IN,46902,765-453-7366,1,
1070,"GLOBAL BUY, INC.",2220 BASSETT,,EL PASO,TX,79901,915-202-5250,1,
1080,VAN BEERS B.V.,VOLKERSTRAAT 33,5171 JM KAATSHEUVEL,NETHERLANDS,,,04156=72254,1,
1090,RUBIE'S COSTUME CO.,ATTN: CHRISTINA WONG,1770 WALT WHITMAN ROAD,MELVILLE,NY,11747,516-326-1500,1,
1100,AZAR'S UNIFORMS,3839 N. MONROE STREET,UNIT 4,TALLAHASSEE,FL,32303,850-402-1133,1,
1120,BAND MANS COMPANY-ILLINOIS,1304 ENTERPRISE DRIVE,SUITE B,ROMEOVILLE,IL,60446,630-759-6969,1,
1130,BANDMANS COMPANY - SOUTHWEST,3328 TOWERWOOD DRIVE,,DALLAS,TX,75234,972-241-1293,1,
1150,CENTURION LEATHER & LAW,ENFORCEMENT SUPPLIES,2700 PARIS ROAD,CHALMETTE,LA,70043,504-266-2500,1,
1160,GUARDIAN FIRE & SAFETY CO.,957-A MYERS STREET,,RICHMOND,VA,23230,804-353-8016,1,
1170,L.P.D. UNIFORMS,734 MAIN ST.,,PEORIA,IL,61602,309-637-4515,1,
1180,EL BOSQUE DE BOLONIA,P.O. BOX 364371,,SAN JUAN,PR,936,787-783-0891,1,
1190,"BRATEMAN'S, INC.",5326 COLDWATER RD.,,FT. WAYNE,IN,46825,260-484-8665,1,
1210,GOODMAN'S,731 WASHINGTON AVE.,,GREENVILLE,MS,38701,662-332-2658,1,
1220,"BROWN'S UNIFORMS, INC.",P.O. BOX 792318,,NEW ORLEANS,LA,70179,504-821-5353,1,
1230,AMERTEX UNIFORMS,43 W. SOUTHERN AVENUE,,TEMPE,AZ,85282,480-345-8796,1,
1240,CARSON LONG MILITARY INSTITUTE,200 N. CARLISLE STREET,PO#,NEW BLOOMFIELD,PA,17068-0098,717-582-2121,1,
1250,UNIVERSAL UNIFORMS,635 SANBORN PL. #6,,SALINAS,CA,93905,831-757-1126,1,
1270,THE CITADEL CADET STORE,171 MOULTRIE STREET,PO#,CHARLESTON,SC,29409,843-792-5166,1,
1280,COPS PROTECTIVE SERVICES LLC,247 NORTHLAND BLVD.,,CINCINNATI,OH,45246,513-772-2677,1,
1290,A.E. DAVID COMPANY,P.O. BOX 132,,DAYTON,OH,45404,937-228-7753,1,
1300,CARDWELL'S UNIFORMS,,*** OUT OF BUSINESS ***,,CA,,707-422-5567,1,
1310,BETTER FAMILY PRODUCTS,989 SE 11 PLACE,,HIALEAH,FL,33010,305-888-6727,1,
1330,NEVADA TACTICAL,3776 E. FLAMINGO ROAD,,LAS VEGAS,NV,89121,702-818-4307,1,
1350,CULVER EDUCATIONAL FOUNDATION,1300 ACADEMY ROAD #160,,CULVER,IN,46511-1291,219-842-3311,1,
1360,ROBESSA ENTERPRISES,1030 DELSEA DRIVE / BLDG.6,,WESTVILLE,NJ,8093,856-853-9302,1,
1370,DE MOULIN BROS. & CO.,1025 SOUTH FOURTH ST.,,GREENVILLE,IL,62246,618-664-2000,1,
1380,DISNEYLAND,P.O. BOX 3232,,ANAHEIM,CA,92803,714-781-4000,1,
1390,DISNEY WORLD,ACCOUNTS PAYABLE,P.O. BOX 10120,LK BUENA VISTA,FL,32830-0120,407-561-5535,1,
1400,DOUBLETIME BAND ACCESSORIES,P.O. BOX 5,,LEMOYNE,PA,17043,717-796-1137,1,
1410,SUMMIT UNIFORM CORPORATION,545-A MERIDIAN AVENUE,,SAN JOSE,CA,95126,408-293-8633,1,
1420,"F&F, A. JACOBS & SONS","RALEIGH IND.CTR., 4TH FLOOR",1100 WICOMICO ST.,BALTIMORE,MD,21230,410-727-6397,1,
1430,FECHHEIMER BROS. CO.,4545 MALSBARY RD,,CINCINNATI,OH,45242,513-793-5400,1,
1435,FECHHEIMER BROS. CO.,4545 MALSBARY RD,,CINCINNATI,OH,45242,513-793-5400,1,
1440,GK DIRECT,G & K SERVICES / ACCTS PAYABLE,5995 OPUS PARKWAY,MINNETONKA,MN,55343,937-873-4581,1,
1450,"FRANCIS ENTERPRISES, LLC",1808 S. WILLIAMSTON ROAD,,DANSVILLE,MI,48819,517-623-6190,1,
1460,"FRUHAUF, INC.",800 E. GILBERT,,WICHITA,KS,67211,316-263-7500,1,
1470,"ROTHCO, INC.",3015 VETERANS MEMORIAL HWY.,,RONKONKOMA,NY,11779-0512,631-585-9446,1,
1480,"THE RECOGNITION COMPANY, INC.",6421 AVONDALE DRIVE,SUITE 206,OKLAHOMA CITY,OK,73116,405-842-1835,1,
1490,STANDARD LAW ENFORCEMENT,"SUPPLY CO., LLC",190 MINEOLA AVENUE,ROSLYN HEIGHTS,NY,11577,516-484-5892,1,
1500,H B ENTERPRISES,2818 BRIARGROVE LANE,,SAN ANGELO,TX,76904,325-944-3145,1,
1510,ENTERPRISE UNIFORMS II,4600 MEMORIAL DRIVE,,DECATUR,GA,30032,404-296-9556,1,
1520,ANDY'S POLICE SUPPLY,14000 NW 82ND AVE.,,MIAMI LAKES,FL,33016,305-575-2774,1,
1530,AKRON UNIFORMS,4410 MANCHESTER ROAD,,NEW FRANKLIN,OH,44319-3323,330-434-3033,1,
1540,STONEWALL UNIFORM CORP.,135 KEN MAR DRIVE,,BROADVIEW HEIGHTS,OH,44147,440-526-0001,1,
1550,HOWARD UNIFORM CO.,1915 ANNAPOLIS ROAD,,BALTIMORE,MD,21230,410-727-3086,1,
1560,HOWE MILITARY SCHOOL,ACADEMY PLACE,,HOWE,IN,46746,219-562-2131,1,
1570,"IDEAL UNIFORM CO., INC.",1067 HYDE PARK AVE.,,HYDE PARK,MA,2136,617-361-6300,1,
1580,"TRI-LODE, INC.",2119 CONCORD ROAD,,BELLE CHASSE,LA,70037,504-393-1933,1,
1600,GOLDEN RULE STORE,3438 NORTH BROADWAY,,MUNCIE,IN,47303,765-288-6329,1,
1620,BOMAR ENTERPRISES,4002 HIGHWAY 78,SUITE 110,SNELLVILLE,GA,30039,770-736-8474,1,
1630,WARREN CREATIVE DESIGN,223 CLAREMONT CIRCLE,,BROOKLYN,MI,49230,517-592-3997,1,
1640,S.P.E. UNIFORMS,3811 TEN MILE RD.,,WARREN,MI,48091,586-754-2323,1,
1650,"KAPP, ROBERT & ASSOC.",P.O. BOX 23254,,LEXINGTON,KY,40523,859-278-9905,1,
1670,KEYSTONE UNIFORM CAP CO.,801 N. FRONT STREET,,PHILADELPHIA,PA,19123,215-922-5493,1,
1690,LA SALLE CENTER,ATTN:  ANNIE APPLE,500 MONTAUK HIGHWAY,OAKDALE,NY,11769-1796,516-589-0900,1,
1710,IMPACT PROMOTIONAL RESOURCES,DBA: GOT YOU COVERED!,607 BAILEY AVE.,FORT WORTH,TX,76107,817-336-0692,1,
1720,MARTINS LAMAR,2150 N.W. 21ST STREET,,MIAMI,FL,33142,305-593-1500,1,
1730,"MADAY, JOHN",W276 N2778 TRILLIUM LANE,,PEWAUKEE,WI,53072,262-691-0772,1,
1750,WINTERPORT BOOT SHOP,TWIN CITY PLAZA,264 STATE STREET,BREWER,ME,4412,207-989-6492,1,
1760,MARION MILITARY INSTITUTE,1101 WASHINGTON STREET,,MARION,AL,36756,334-683-2377,1,
1770,UNIFORM SHOPPE OF GREEN BAY,1816C ALLOUEZ AVENUE,,GREEN BAY,WI,54311,920-406-3046,1,
1790,STAN'S IMAGE UNIFORMS,1351 W. OAK STREET #2,,STOCKTON,CA,95203,209-462-2622,1,
1800,FRED J. MILLER INC.,8765 WASHINGTON CHURCH ROAD,,MIAMISBURG,OH,45342,937-434-1121,1,
1810,MIDWEST ACCESSORY COMPANY,3140 ELM ROAD EXT.,,CORTLAND,OH,44410,330-638-0088,1,
1820,DOUGLAS THE TAILOR UNIFORMS,27920 GRATIOT AVENUE,,ROSEVILLE,MI,48066,,1,
1830,MIRMONT ASSOCIATES,P.O. BOX 7875,,FORT WORTH,TX,76111-0875,877-322-8586,1,
1840,MERIDIAN POLICE DEPARTMENT,2309 41ST STREET,,MERIDIAN,MS,39305,601-934-1995,1,
1850,SAYRE POLICE DEPARTMENT,CHIEF KEVIN GUINANE,110 W. PACKER AVENUE,SAYRE,PA,18840,570-888-2233,1,
1860,"MUNYON, R.W. COMPANY",207 CHURCHILL DRIVE,,WILMINGTON,DE,19803,302-762-4263,1,
1870,NEW YORK CLOTHIERS,806 AUSTIN AVE.,,WACO,TX,76701,254-754-3242,1,
1880,NATOW TOMA UNIFORM,13825 FENKELL AVE,,DETROIT,MI,48227,313-836-3535,1,
1890,BLUE STAR MOTHERS OF AMERICA,P.O. BOX 1808,,VISTA,CA,92085,925-708-3691,1,
1900,THE SAFETY BOOT,1301 50TH STREET,,LUBBOCK,TX,79412,806-765-6500,1,
1910,MUSIC MODES,23 SEMINOLE DR.,,RINGWOOD,NJ,7456,973-728-2455,1,
1920,"ONONDAGA UNIFORM CO., INC.",617 W. GENESEE ST.,,SYRACUSE,NY,13204,315-471-3801,1,
1930,PALOMBO INC.,1001 TAYLOR STREET,,NORTH VERSAILLES,PA,15137,412-241-2431,1,
1940,CREATIONS BY JA-MEL,371 - 27-1/2 ROAD,,GRAND JUNCTION,CO,81501,970-255-1998,1,
1950,ARROW UNIFORM,6400 MONROE BLVD.,,TAYLOR,MI,48180,313-299-5000,1,
1960,SECURITY & DEFENSE INDUSTRY,"OF PUERTO RICO,LLC / URB.",VALENCIA ST. GUIPUZCOA #354,SAN JUAN,PR,923,787-756-0661,1,
1970,PIMA UNIFORMS #1,3760 S. PARK AVENUE,SUITE C,TUCSON,AZ,85713,520-882-0460,1,
1980,FORT SMITH FIRE DEPARTMENT,C/O TERY GRAVES,200 NORTH 5TH,FORT SMITH,AR,72901,479-629-3552,1,
2000,"EXPORT PURCHASING, INC.",12751 SW 91 STREET,,MIAMI,FL,33186,786-925-5663,1,REMEXPORT@AOL.COM
2010,RAYKO ASSOCIATES,500 SMITH AVENUE,,XENIA,OH,45385,937-372-3200,1,
2020,T.A.T. GOLF SIGNS & SUPPLY,3200 46TH AVENUE NORTH,,ST. PETERSBURG,FL,33714,727-528-1265,1,
2030,NAT'L ASSOC. OF NAVAL VETERANS,69 BREWSTER STREET,,BRIDGEPORT,CT,6605,203-829-6767,1,
2040,RIVERSIDE MILITARY ACADEMY,RMA BUSINESS OFFICE,2001 RIVERSIDE DRIVE,GAINESVILLE,GA,30501,770-532-6251,1,
2050,ROY TAILORS UNIFORM CO.,1905 DALTON AVENUE,,CINCINNATI,OH,45214,513-621-4787,1,
2070,ST. JOHN'S NORTHWESTERN,MILITARY ACADEMY,1101 N. GENESEE STREET,DELAFIELD,WI,53018,262-646-7198,1,
2080,RED THE UNIFORM TAILOR,475 OBERLIN AVENUE SOUTH,,LAKEWOOD,NJ,8701,848-299-0100,1,MARIETTA:  770-818-9820
2090,ROY TAILORS UNIFORM CO,3889 BUSINESS PARK DR.,,COLUMBUS,OH,43204,614-351-1566,1,
2100,PERFORMANCE SUPPLY,P.O. BOX 14,,VAUGHN,MT,59487-0014,406-453-4163,1,
2110,FUNDACION BANDA ESCUELA,EDUARDO VILLALOBOS-VENEZUELA,4810 NW 116 AVE.,DORAL,FL,33178,,1,
2120,HANNEKE'S LOGOWEAR,1430 MACKLIND AVENUE,,ST. LOUIS,MO,63110,314-647-2666,1,
2130,IMAGEWEAR UNIF. & EMBROIDERY,462 S. UNION ROAD,,WESTMINSTER,SC,29693,864-972-0966,1,
2140,HATMAN JACK'S,WICHITA HAT WORKS,601 WEST DOUGLAS AVENUE,WICHITA,KS,67213,316-264-4881,1,
2150,SENTRY UNIFORM & EQUIPMENT,,803 JAMES ST.,CHICOPEE,MA,1020,413-536-1236,1,
2160,"NYASCO PRODUCTS, INC.",248-45 JERICHO TURNPIKE,,BELLEROSE,NY,11426,718-470-0202,1,
2170,STANBURY UNIFORMS,108 STANBURY INDUSTRIAL DR.,P.O. BOX 100,BROOKFIELD,MO,64628,660-258-2246,1,
2180,UNIFORMS BY MALIA,98-019 KAM HWY,2ND FLOOR,AIEA,HI,96701,808-487-5399,1,
2190,"CARE SAFETY, LLC.",P.O. BOX 41027,,NASHVILLE,TN,37204,615-369-2273,1,
2200,UNIFORM CENTER,515 SOUTH MAIN,,MC ALLEN,TX,78501,956-686-0091,1,
2210,ILLINOIS DEPT. OF CORRECTIONS,TRAINING ACADEMY - JOHN CLEGG,1301 CONCORDIA COURT,SPRINGFIELD,IL,62794,217-558-2200,1,
2220,"HEROES APPAREL, LLC",1614 OWNBY LANE,,RICHMOND,VA,23220,804-267-3424,1,
2230,SPECIALTY UNIFORMS,1670 ALVARADO STREET,,SAN LEANDRO,CA,94597,510-895-0736,1,
2240,UNIFORMS TO YOU,5600 WEST 73RD STREET,,CHICAGO,IL,60638,708-563-2626,1,
2250,RAY SCHULER ADV. CO.,516 E. BRISTOL STREET,,ELKHART,IN,46514,574-264-1129,1,
2260,DFAS-INDY VP GFEBS,8899 EAST 56TH STREET,,INDIANAPOLIS,IN,46249-3800,888-332-7366,1,
2270,"UNITED UNIFORM CO., INC.",495 N. FRENCH ROAD,,BUFFALO,NY,14228,716-691-4400,1,
2280,COMMUNICATIONS CENTER (FMD),ATTN: COMML & GOVT PAYMENTS,245 MURRAY LANE SW/BLDG T-5,WASHINGTON,DC,20223,202-406-6812,1,
2290,CAPITOL UNIFORM & SUPPLY LLC,118 CROSS ROAD,,WATERFORD,CT,6385,860-443-6605,1,
2300,VIRGINIA MILITARY INSTITUTE,MILITARY STORE / PO#,401 RICHARDSON HALL,LEXINGTON,VA,24450-0304,540-464-7303,1,
2310,VIRGINIA POLY. INSTITUTE,ACCTS. PAYABLE/MAIL CODE 0312,300 TURNER STREET NW,BLACKSBURG,VA,24061,540-231-6463,1,
2320,TTTS ENTERPRISE,3545 BENERAID STREET,,LAND O'LAKES,FL,34638,813-474-3300,1,
2330,WORLD OF MARCHING CORP.,7 TATE ST.,,"REGINA, SASK CANADA",,S4X 1X3,306-949-3377,1,
2340,ROBERT L. WARD,2210 VICTORIA DR.,,SANTA ANA,CA,92706,714-543-1808,1,
2350,SEW SHORE UNIFORMS,3845 BECK BLVD.,#809 & 810,NAPLES,FL,34114,239-774-4655,1,BECKY@SEWSHORE.COM
2360,THE UNIFORM CENTER,1926 HIGHWAY 45 NORTH,,COLUMBUS,MS,39705,662-328-4038,1,
2370,UNIFORMS TODAY,47-47 35TH STREET,,LONG ISLAND CITY,NY,11101,718-784-1166,1,
2380,LAW ENFORCEMENT EQUIPMENT CO.,2520 SUMMIT,,KANSAS CITY,MO,64108-2456,816-221-2232,1,
2390,"AMERICAN POLICE EQUIP., INC.",9015 AIRLINE DRIVE,,NEW ORLEANS,LA,70118,504-482-6390,1,
2400,GOLDMAN BROS. INC.,1891 WANTAGH AVENUE,REAR ENTRANCE,WANTAGH,NY,11793,516-931-0502,1,
2410,WERNER'S POSTAL UNIFORMS,1302 AYERS AVE.,,CORPUS CHRISTI,TX,78404,361-882-9129,1,
2420,ATLANTA UNIFORM COMPANY,1364 NORMANDY DRIVE NE,,ATLANTA,GA,30306,770-516-1920,1,
2430,VETERAN CORPS OF ARTILLERY,7TH REGIMENT ARMORY,643 PARK AVENUE,NEW YORK,NY,10021,,1,
2440,YEARWOOD UNIFORMS,850 OLIVE STREET,SUITE B,SHREVEPORT,LA,71104,318-688-1844,1,
2450,TRIPPI'S UNIFORM CO.,268 BOSTON TURNPIKE,,SHREWSBURY,MA,1545,508-755-4721,1,
2460,QUARTERMASTER,17600 FABRICA WAY,,CERRITOS,CA,90703,562-304-7314,1,
2470,FAST SERVICE IMPORT & EXPORT,9731 NW 32 STREET,,DORAL,FL,33172,305-477-5514,1,
2480,SALINAS VALLEY PRO SQUAD,221 GRIFFIN STREET,,SALINAS,CA,93901,831-758-2128,1,
2510,KLM COMPANY,40 DOERSAM COURT,,YORK,PA,17406,800-872-4209,1,
2540,MERRITT DEPARTMENT STORES,P.O. BOX 3273,,CLEVELAND,GA,30528,321-453-3240,1,
2550,T & T SPORTS OF CHARLESTON INC,5064 RIVERS AVENUE,,N. CHARLESTON,SC,29406,843-747-5000,1,
2560,DACO UNIFORM DIVISION,"201 AVENUE R""""",,LUBBOCK,TX,79415,806-763-0808,1,
2570,"T & T UNIFORMS, INC.",2279 SOUTH COBB DRIVE,,SMYRNA,GA,30080,770-433-3211,1,
2600,CINTAS - #201,5180 PANOLA INDUSTRIAL BLVD.,,DECATUR,GA,30035,770-987-3007,1,
2610,ADDIS & ASSOCIATES,P.O. BOX 86,,HARRISBURG,NC,28075,704-786-9111,1,
2640,ADVANTAGE NETWORK,"47 W. POLK ST., STE 100",BOX 402,CHICAGO,IL,60605-2085,312-225-7287,1,
2670,UNIFORMS BY PATRICK,2307 HIGHWAY 80,,GARDEN CITY,GA,31408,912-355-0205,1,
2700,"TERRY'S UNIFORMS, INC.",(SEE AT WORK UNIFORM),,,,,,1,
2710,"PEARISON, INC.",P.O. BOX 428,,CYNTHIANA,IN,47612-0428,812-963-8890,1,
2730,PICASSO EMBROIDERY SYSTEMS,6095 NW 167 ST. #D-1,,MIAMI,FL,33015,305-827-9666,1,
2740,"J & E UNIFORMS, INC.",141 RAND STREET,,SANFORD,NC,27332,919-776-8826,1,
2750,LAWMAN'S UNIFORM & EQUIPMENT,5814 MILWEE BLDG. A,,HOUSTON,TX,77092,713-956-6533,1,
2780,"MC CORMICK'S ENTERPRISES, INC.",216 WEST CAMPUS DRIVE,,ARLINGTON HEIGHTS,IL,60004,847-398-8680,1,
2790,HARDWARE MERCHANDISERS INC.,4555 N.W. 103RD AVENUE,SUITE 102,FT. LAUDERDALE,FL,33351,954-741-1351,1,
2800,"LION APPAREL, INC.",7200 POE AVENUE,,DAYTON,OH,45414,937-898-1949,1,
2810,TYLER UNIFORMS CO. INC.,4285 CHANDLER HIGHWAY,,TYLER,TX,75702,903-593-9291,1,
2820,NORTHEAST BAND SUPPLY,127 E. MAIN ST.,,WATERLOO,NY,13165,315-458-6185,1,
2830,PACIFIC BAND SUPPLY,11718 148TH ST. EAST,,PUYALLUP,WA,98374,800-827-1371,1,
2840,"KROESEN'S UNIFORMS, INC.",1918 MINOR AVENUE,,SEATTLE,WA,98101,206-622-3853,1,
2850,LAMONT TROPHIES,& SPORTING GOODS,4 SLAYTON AVENUE,SPENCERPORT,NY,14559,585-352-0640,1,
2860,J & R PRINTING-EMBROIDERY,10562 GARDEN GROVE BLVD.,,GARDEN GROVE,CA,92843,714-276-3264,1,
2880,BURNHAM ENTERPRISES,P.O. BOX 3172,,RIDGELAND,MS,39158-3172,601-853-2922,1,
2890,HOLLYBROOK GOLF & TENNIS CLUB,900 HOLLYBROOK DR.,,PEMBROKE PINES,FL,33025,954-431-0600,1,
2900,ENTERPRISE UNIFORMS,2862 EAST GRAND BLVD.,,DETROIT,MI,48202,313-871-4666,1,
2920,HARRIS UNIFORMS,259 MAIN STREET,,HACKENSACK,NJ,7601,201-343-7372,1,
2930,DEE'S UNIFORMS,1912 NORTH WILLOW AVENUE,SUITE C,BROKEN ARROW,OK,74012,918-838-3337,1,
2940,"MID-SOUTH MUSIC CO., INC.",411 S. MAIN STREET,,PINE BLUFF,AR,71601,870-535-4951,1,
2950,COMMAND UNIFORMS - SACRAMENTO,2828 Q STREET,SUITE B,SACRAMENTO,CA,95816,916-452-2010,1,
2960,"SOUTHERN LINKS, INC.",8413 WASHINGTON BLVD.,SUITE 175,ROSEVILLE,CA,95678,916-772-1616,1,
2970,"FORESTRY SUPPLIERS, INC.",P.O. BOX 8397,,JACKSON,MS,39201,209-368-7152,1,
2980,GEO TECH SUPPLY COMPANY,9815 BUSINESS PARK DRIVE,SUITE 10 & 11,SACRAMENTO,CA,95827,209-368-7152,1,
2990,FIRST RESPONDERS,2788 E. 14TH NORTH,,IDAHO FALLS,ID,83401,208-542-1608,1,
3000,"GODFREY, FRANK",6540 REMINGTON COURT,,PELHAM,AL,35124,205-988-0033,1,
3010,MUNICIPAL & COMMERCIAL UNIF.,2208 THIRD AVENUE NORTH,,BIRMINGHAM,AL,35203,205-324-6011,1,
3020,EARL C. BENSON,29589 GERLACH WAY,,CANNON FALLS,MN,55009,507-263-9448,1,
3030,FRANK'S SPORT SHOP,430 E. TREMONT AVE.,,BRONX,NY,10457,718-299-9628,1,
3040,WESTERN COSTUME CO.,11041 VANOWEN STREET,,NORTH HOLLYWOOD,CA,91605,818-760-0902,1,
3050,WERX CORPORATION,812 HURON RD.,SUITE 717,CLEVELAND,OH,44115-1126,216-621-8889,1,
3060,FAKLIS DEPARTMENT STORE,139 EAST TARPON AVENUE,,TARPON SPRINGS,FL,34689,727-937-3602,1,
3110,OREFICE LTD.,330 KINNEY AVE,,WALKER,MI,49534,616-457-9300,1,
3120,SKLAREWITZ UNIFORM CO.,7242 KENNEDY AVENUE,,HAMMOND,IN,46323,219-844-2870,1,
3130,UNITED STATES UNIFORM CO.,P.O. BOX 12333,,N. KANSAS CITY,MO,64116-0333,816-472-5200,1,
3140,"SILK SCREEN EXPRESS, INC.",7611 W. 185TH STREET,,TINLEY PARK,IL,60477,630-257-7136,1,
3150,OAK RIDGE MILITARY ACADEMY,P.O. BOX 498,,OAK RIDGE,NC,27310,336-644-7529,1,
3160,"WEBSTER FUND RAISERS, INC.",575 FAWN LANE,,LOGANVILLE,GA,30052,770-466-1039,1,
3170,TEXAS A&M UNIV / FINANCIAL,MANAGEMENT OPERATIONS,6000 TAMU / ACCTS PAYABLE,COLLEGE STATION,TX,77843-6000,979-845-0324,1,
3180,THE ARMORY,701 N. COUNTRY AVENUE,,KEARNEY,MO,64060,816-903-0999,1,
3190,PHILIPPINE HERITAGE BAND,14 BECK DRIVE,,"ONTARIO, CANADA",,L3P 4L5,905-472-1499,1,litomartin@hotmail.com
3200,"A.M.E.'S UNIFORMS, INC.",700 N.W. 57TH PLACE,,FT. LAUDERDALE,FL,33309,954-739-7507,1,
3210,BOSSO UNIFORM COMPANY,1120 W. GOVERNMENT ST.,,PENSACOLA,FL,32501,850-438-7608,1,
3220,"UNIFORM NAMEMAKERS, INC.",742 WASHINGTON STREET,,BUFFALO,NY,14203,716-849-2827,1,
3230,ED JAMESON & ASSOCIATES,11326 MORNING SIDE DRIVE,,BOYNE FALLS,MI,49713-9699,810-744-4561,1,
3240,CHAMPAGNE IMPORT & EXPORT,12262 SW 131 AVENUE,,MIAMI,FL,33186,305-233-1312,1,
3250,RICO'S CLOTHING STORE LTD.,16 RAILROAD AVENUE,,CENTER MORICHES,NY,11934,631-878-1022,1,
3260,PAUL L. NOLL,140 W. PIONEER AVE. #112,,REDLANDS,CA,92374,909-798-3854,1,
3270,A.G. ENTERPRISES,160 OVERLOOK AVENUE,SUITE 19E,HACKENSACK,NJ,7601,201-488-1276,1,
3280,TRANSPORTATION SAFETY APPAREL,8 BRIDGETOWN ROAD,,HILTON HEAD,SC,29928,843-686-4046,1,
3290,SIEGEL'S UNIFORMS,P.O. BOX 984,,EVANSVILLE,IN,47706,812-425-2268,1,
3300,LYONS PROFESSIONAL UNIFORMS,505 S. MILLER AVE.,,MARION,IN,46953,765-662-3433,1,
3310,NICSINGER ENTERPRISES,P.O. BOX 2961,,WINTER HAVEN,FL,33883,863-318-0806,1,
3320,"BRUHN, DICK, INC.",,P.O. BOX 81600,SALINAS,CA,93912,831-758-4684,1,
3330,THOMPSON BAND SUPPLY,448 CIRCLE DRIVE,,ALEXANDER CITY,AL,35010,256-234-3017,1,
3340,"UNIFORM SALES ASSOCIATES, INC.",3570 CONSUMER STREET,SUITE 5,WEST PALM BEACH,FL,33404,561-842-1400,1,
3350,LCD UNIFORMS,727 N. WESTERN AVENUE,,PEORIA,IL,61604,309-637-6515,1,
3360,UNIFORMS PLUS,2957 E. GRANT ROAD,,TUCSON,AZ,85716-2717,520-326-6300,1,
3370,TOM BRICK,2688 PARKWOOD DR.,,GREEN BAY,WI,54304,920-494-6335,1,
3380,ST.LOUIS POLICE DEPARTMENT,UNIFORM SECTION,3919 LACLEDE AVE. REAR DELIV.,ST. LOUIS,MO,63108,314-444-1240,1,
3390,BKT UNIFORMS,3535 FRANKLIN RD. SUITE E,,ROANOKE,VA,24014,540-400-0048,1,
3400,OFF DUTY WEAR,1915 FARMBROOK,,TROY,MI,48098,248-820-1065,1,
3470,GEORGE UNIFORM CO.,544 BESSEMER AVE.,,E. PITTSBURGH,PA,15112,412-823-3323,1,
3480,VANGUARD INDUSTRIES WEST,2440 IMPALA DRIVE,,CARLSBAD,CA,92008-7226,760-438-4437,1,
3490,ARGO UNIFORMS,101 NORTH DIXIE HIGHWAY,,HALLANDALE,FL,33009,954-457-7100,1,
3500,QUALITY MKTG. & PROMOTIONS,11233 NW 57TH LANE,,MIAMI,FL,33178,305-594-7369,1,
3520,"DIVERSIFIED INVESTORS, INC.",1921 W. WILSON #447,,BATAVIA,IL,60510,630-730-9757,1,
3540,NATIONAL SPORTING GOODS CO.,821 S. PERIMETER RD.,,MANCHESTER,NH,3103,603-627-9946,1,
3550,BE SAFE INTERNATIONAL CORP.,5730 ZIP DRIVE,,FORT MYERS,FL,33905-5031,011-582-239-1797,1,
3570,BAND SERVICES OF IOWA,741 42ND STREET,,WEST DES MOINES,IA,50265,515-255-4080,1,
3590,WES SOSSAMAN,34 TRENTON DRIVE,,GREENBRIER,AK,72058,870-448-6756,1,
3600,ACTION BAND ACCESSORIES,2043 MYSTIC BAY COURT,,INDIANAPOLIS,IN,46240-2828,317-254-8377,1,
3650,SOME'S UNIFORMS,ACCOUNTS PAYABLE,P.O. BOX 68,HACKENSACK,NJ,07602-0068,201-843-1199,1,
3690,UNIVERSAL PROTECTIVE PRODUCTS,ATTN:  OMAR MARTINEZ,11696 GWEN EVANS LANE,EL PASO,TX,79936,915-855-4748,1,
3700,MARCHING WORLD INTERNATIONAL,23626 SWAN STREET,,MORENO VALLEY,CA,92557,951-924-9215,1,
3710,"GT DISTRIBUTORS, INC.",2545 BROCKTON DRIVE,SUITE 100,AUSTIN,TX,78758,512-451-8298,1,
3720,CARDWELL & ASSOCIATES,12354 MAPLE TREE STREET,,SAN ANTONIO,TX,78249,210-690-9054,1,
3730,"WALTER T. KELLEY CO., INC.",P.O. BOX 240,807 WEST MAIN STREET,CLARKSON,KY,42726,270-242-2012,1,
3750,HESS EMBROIDERY & UNIFORMS,513 READING AVENUE,,WEST READING,PA,19611,610-372-6287,1,
3770,THE BAND ROOM,P.O. BOX 1777,,FOREST CITY,NC,28043-1777,828-248-2760,1,
3780,GEORGIA MILITARY COLLEGE,201 E. GREENE STREET,,MILLEDGEVILLE,GA,31061,478-387-4909,1,
3790,LYMAN WARD MIL. ACAD.,P.O. BOX 550,,CAMP HILL,AL,36850-0550,256-896-4127,1,
3800,LAWMEN'S SAFETY SUPPLY,3319 ANVIL PLACE,,RALEIGH,NC,27603,919-779-6141,1,
3830,POLAR SERVICES,858 PARK AVENUE,,WILLIAMSPORT,PA,17701,570-326-4142,1,
3840,RICHARD KIRK,11177 AQUA VISTA STREET,,N. HOLLYWOOD,CA,91602,818-752-4038,1,
3850,M. E. UNIFORMS INC.,126 N. GENESEE,,WAUKEGAN,IL,60085,847-244-2200,1,
3880,KAY UNIFORMS #1,5809 WEST NORFOLK ROAD,,PORTSMOUTH,VA,23703,757-484-0015,1,
3890,AL AND ROB UNIFORM SALES,801 ELM AT LOGAN,,LAREDO,TX,78040,956-724-4245,1,
3920,RICK HANNIG,111 MERCURY COURT,,MUKWONAGO,WI,53149,262-363-3055,1,
3940,HARWOOD UNIFORM,908 WEST HURON,,WATERFORD,MI,48328,248-681-2300,1,
3950,BANNER UNIFORM CENTER,345 9TH STREET,,SAN FRANCISCO,CA,94103,415-771-5593,1,
3960,NORWICH UNIVERSITY,ATTN: MARY ROUX/PO#,CADET UNIFORM STORE  NU 55,NORTHFIELD,VT,5663,802-485-2206,1,
3980,"SUNRISE SAFETY, INC.",4747 N. NOB HILL ROAD,SUITE 8,SUNRISE,FL,33351-4742,954-746-7373,1,
3990,KAY UNIFORMS #4,717 EWING AVENUE,,NASHVILLE,TN,37203,615-256-5166,1,
4000,STARKVILLE POLICE DEPARTMENT,101 E. LAMPKIN ST.,,STARKVILLE,MS,39759,662-323-4131,1,
4020,CAPITAL CITY UNIFORMS - NM,531 W. CORDOVA ROAD,,SANTA FE,NM,87501,505-988-3782,1,
4030,D/L FIRE & POLICE SUPPLIES,611 INDUSTRIAL PARK DRIVE,,YEADON,PA,19050,610-623-2343,1,
4040,EVERYDAY APPAREL & AWARDS,366 EAST BROADWAY,,MONTICELLO,NY,12701,845-794-1090,1,
4050,FISHBURNE MILITARY SCHOOL,P.O. BOX 988,,WAYNESBORO,VA,22980,540-946-7718,1,
4060,MISSOURI MILITARY ACADEMY,204 GRAND AVENUE,PO#,MEXICO,MO,65265,573-581-1776,1,
4070,MC DONALD UNIFORMS,3019 DARNELL ROAD,,PHILADELPHIA,PA,19154,215-673-7211,1,
4080,WENTWORTH MILITARY ACADEMY,ACCTS PAYABLE / PO#,1880 WASHINGTON AVENUE,LEXINGTON,MO,64067,660-259-2221,1,
4090,"NEWTELL WORLDWIDE, INC.",10391 S.W. 64TH ST.,,MIAMI,FL,33173,305-275-9500,1,
4100,"KENTUCKY UNIFORMS, INC.",2400 FORTUNE DRIVE,,LEXINGTON,KY,40509,859-299-7520,1,
4110,LEWIS UNIFORM COMPANY,325 BUTTERNUT STREET,,SYRACUSE,NY,13208,315-471-4616,1,
4120,"COOPER, JOHN D.",6 MAY STREET,,BLACKSTONE,MA,1504,508-883-2245,1,401-765-2282 (# ON CHECK)
4150,"UNIFORMS, INC.",1630 W. OLYMPIC BLVD.,,LOS ANGELES,CA,90015,213-385-0350,2,
4160,MILLER UNIFORMS,650 CANION STREET,,AUSTIN,TX,78752,512-302-5541,1,
4170,FINAL TOUCH ACCESSORY CO.,1059 FARMVIEW DRIVE,,WEST CHESTER,PA,19382,610-918-9850,1,
4180,TOM'S MEN'S WEAR & UNIFORMS,301 EAST MAIN STREET,,ALHAMBRA,CA,91801,626-281-5341,1,
4200,DYNASTY JAPAN CORPORATION,KINTETSU WORLD EXPRESS INC.,1221 N. MITTLE BLVD.,WOOD DALE,IL,60191,414-762-2680,1,
4210,AD MEYERS UNIFORMS,63 FLATBUSH AVENUE,,BROOKLYN,NY,11217,718-855-4018,1,
4220,KATHY'S ENTERPRISES,500 MT. LEBANON CHURCH RD.,,GREER,SC,29651,864-895-4351,1,
4230,"RAKICH AND RAKICH, INC.",506 BROADWAY,,LORAIN,OH,44052,440-244-5685,1,440-320-3612 (RANDY - CELL)
4240,UNIFORMS WEST,JOHN SHAW,10462 SANTA FE,DENVER,CO,80234,303-433-8980,1,
4250,"GO-FOR SUPPLY, INC.",524 PAUL MORRIS DRIVE,SUITE F,ENGLEWOOD,FL,34223,941-475-7081,1,
4260,BROOKFIELD UNIFORMS,1715 LINN STREET,,N KANSAS CITY,MO,64116,816-472-7010,1,
4270,LYNN'S UNIFORMS,244 BROAD STREET,,ROME,GA,30161,706-291-7266,1,
4280,ATLAS UNIFORM SALES INC. (AR),1709 TOWSON AVE.,,FORT SMITH,AR,72901,479-649-7000,1,
4290,AZAR'S UNIFORM DEPARTMENT,5767 CARMICHAEL ROAD,,MONTGOMERY,AL,36117,334-244-1133,1,
4300,BAND-MART,11842 N.E. 29TH STREET,,ELKHART,IA,50073,515-367-4033,1,
4310,METRO 911 UNIFORMS,5820 W. GREENWAY ROAD,SUITE 106,GLENDALE,AZ,85306,602-866-1071,1,
4320,PEACOCK'S MARCHING WORLD,325 RUTHERFORD STREET,SUITE D,GOLETA,CA,93117,805-845-2427,1,
4330,HILLS HATS LIMITED,19-21 KENEPURU DRIVE,"PORIRUA, WELLINGTON",NEW ZEALAND,,,04-237-5246,1,
4340,LOUPOT'S BOOK STORE,NORTHGATE,335 UNIVERSITY DR.,COLLEGE STATION,TX,77840,979-693-2278,1,
4350,GOLDEN WEST INDUSTRIAL SUPPLY,2180 AGATE COURT,,SIMI VALLEY,CA,93065,800-521-2601,1,
4360,QUARTERMASTER COMPANY,3300 GUESS ROAD,,DURHAM,NC,27705,919-479-1871,1,
4370,"AIM UNIFORM, INC.",P.O. BOX 1361,,EDISON,NJ,8818,732-985-7770,1,
4380,"AGAPE' UNIFORMS CO., INC.",3606 W. WASHINGTON BLVD.,,LOS ANGELES,CA,90018,323-731-0621,1,
4390,"SHUTTLER'S UNIFORM, INC.",777 ALPHA DRIVE,,HIGHLAND HEIGHTS,OH,44143,440-646-9600,1,
4400,HARGRAVE MILITARY ACADEMY,MILITARY DRIVE,,CHATHAM,VA,24531,804-432-2481,1,
4410,ARROW APPAREL OF FT LAUDERDALE,509 S.W. 18TH COURT,,FT. LAUDERDALE,FL,33315,954-763-2036,1,
4420,SENTRY CAP,P.O. BOX 478,,LYNBROOK,NY,11563-0478,516-593-9334,1,
4440,ALLIE BROTHERS,20295 MIDDLEBELT,,LIVONIA,MI,48152,248-477-4434,1,
4450,LONG BEACH UNIF. / GALL'S,P.O. BOX 55208,,LEXINGTON,KY,40555,562-424-4646,1,
4460,"SAFETY ZONE, INC.",940-B CORPORATE LANE,,CHESAPEAKE,VA,23320,757-382-0300,1,
4470,EQUIPMENT DIRECT,2861 SATURN STREET,SUITE D,BREA,CA,92821,714-572-1583,1,
4480,WRIGHT-JOHNSTON UNIFORMS,601 TAYLOR STREET,,COLUMBIA,SC,29201,803-799-9448,1,
4490,"SAM'S ON THE MARKET, INC.",304-306 MARKET ST.,,ROANOKE,VA,24011,540-342-7300,1,
4500,,,,,,,,1,
4540,MUSIC TREASURES CO.,9363 COOL SPRING ROAD,,MECHANICSVILLE,VA,23116,804-730-8800,1,
4550,RONK'S UNIFORM CENTER INC.,803 SEVENTH AVE.,,HUNTINGTON,WV,25701,304-525-1783,1,
4560,"UNIFORMS UNLIMITED, INC.",2220 LYNDALE AVENUE S.,,MINNEAPOLIS,MN,55405,612-377-0011,1,
4570,KALE UNIFORMS,204 WEST LIBERTY,,WHEATON,IL,60187,630-665-9926,1,
4580,CAMDEN MILITARY ACADEMY,ATTN: ACCOUNTS PAYABLE,520 US HWY. 1 NORTH,CAMDEN,SC,29020,803-421-0562,1,
4590,BG ASSOCIATES,3922 FOREST BLUFF,,KINGWOOD,TX,77339,281-312-0256,1,
4600,UNIFORMS 2U,1790 GETOUN COURT,,CONCORD,CA,94518,415-999-6268,1,
4610,CENTRAL UNIFORM,315 BERKSHIRE AVENUE,,SYRACUSE,NY,13208,315-471-7866,1,
4620,FRANK'S UNIFORMS,226 MARTIN LUTHER KING BLVD.,,SAVANNAH,GA,31401,912-236-6109,1,
4630,POLICIA NACIONAL DE NICARAGUA,COMISIONADO LUIS MUNOZ,PLAZA EL SOL,MANAGUA NICARAGUA,,,505-277-5168,1,
4650,"MARTIN SUPPLY CO., INC.",PO BOX 790,,SHEFFIELD,AL,35660,256-383-3131,1,
4660,CAPITOL CITY UNIFORMS - CA,2741 FRUITRIDGE ROAD,SUITE 5,SACRAMENTO,CA,95820,916-451-3805,1,
4670,"UNIFORM DEN, INC.",1309 - 5TH AVENUE,,MOLINE,IL,61265,309-762-6215,1,
4680,VF IMAGEWEAR,ATTN:  WALTER THOMAS,545 MARRIOTT DRIVE,NASHVILLE,TN,37214,615-565-5011,1,
4690,LEVINSON COMPANY,2231 FRONT ST.,,CUYAHOGA FALLS,OH,44221,216-762-7777,1,
4720,MARKETING PRODUCTS GROUP,1584 FENPARK DRIVE,,FENTON,MO,63026,636-680-0238,1,
4760,NORTH EASTERN UNIF. & EQUIP.,125 51ST STREET #600,,PITTSBURGH,PA,15201-2709,412-784-0900,1,
4770,COMMAND UNIFORMS #2,1315-A CHATTAHOOCHEE AVE.,,ATLANTA,GA,30318,404-603-4778,1,
4790,UNIFORMS PLUS - CALIFORNIA,132 S. JUNIPER ST.,,ESCONDIDO,CA,92025,760-747-5388,1,
4800,BUTLER MUSIC RESOURCES,12425 ENSLEY PLACE,,FISHERS,IN,46038,317-753-2040,1,PATBUTLER-BMR@SBCGLOBAL.NET
4810,,,**DO NOT USE**,,,,,1,
4830,CITY OF HOLLYWOOD,ATTN:  FINANCE DEPARTMENT,P.O. BOX 229045,HOLLYWOOD,FL,33022-9045,305-921-3330,1,
4840,LOU'S POLICE DISTRIBUTORS INC.,7815 W. 4TH AVENUE,,HIALEAH,FL,33014,305-416-0000,1,
4870,ROBERT L. DEASE,P.O. BOX 51,,OSTEEN,FL,32764,,1,
4880,THIS & THAT UNIFORMS,1500 SOUTH NEW ROAD,,PLEASANTVILLE,NJ,8232,609-646-1522,1,
4900,REGIONAL UNIFORM SUPPLY,701 E. PLANO PARKWAY,,PLANO,TX,75074,972-578-0883,1,
4920,SIDNEY'S DEPARTMENT STORE,558 BROAD ST.,,AUGUSTA,GA,30902,404-722-3112,1,
4930,"D & S UNIFORMS, ETC.",2239 SANTA BARBARA CIRCLE,,DELANO,CA,93215,661-721-9414 X5915,1,
4940,VANGUARD INDUSTRIES EAST,1172 AZALEA GARDEN ROAD,,NORFOLK,VA,23502,757-857-3600,1,
4950,MICHAEL KIEFFER,A. L. M. S.,1011 SAFARI WAY,LAKE CITY,MN,55041,651-345-5712,1,
4960,RAY O'HERRON CO.,3549 N. VERMILION ST.,,DANVILLE,IL,61834,217-442-0865,1,
4980,WALT DISNEY STUDIO,500 S. BUENA VISTA ST.,,BURBANK,CA,91521-2536,818-560-1140,1,
5000,SPEER UNIFORM & SHOES,5040 S. FOX STREET,,ENGLEWOOD,CO,80110,303-789-9462,1,
5030,"EAGLE BUCKRAM CO., INC.",951 W. SECOND STREET,,HAZLETON,PA,18201,717-455-0911,1,
5040,FLUSHING UNIFORM CENTER,36-39 MAIN STREET,,FLUSHING,NY,11354,718-321-8359,1,
5050,ICTUS LIMITED,ACCOUNTS PAYABLE,15595 WEST HIGHWAY 40,OCALA,FL,34481,352-465-7078,1,
5060,CINTAS CORPORATION,ATTN:  ANN REED,5600 W. 73RD STREET,CHICAGO,IL,60638,773-596-5809,1,
5070,GLEN'S UNIFORM SALES,148 EAST 154TH STREET,,HARVEY,IL,60426,708-331-2888,1,
5080,MC MASTER-CARR SUPPLY CO.,P.O. BOX 5516,,CHICAGO,IL,60680,708-782-3806,1,
5110,"D.N.D. UNIFORMS, INC.",120 EAST 3RD STREET,,DAYTON,OH,45402,937-222-3132,1,
5120,SOUTH BEND UNIFORM,2302 MISHAWAKA AVENUE,,SOUTH BEND,IN,46615,574-288-6455,1,
5150,UNIFORMS UNLIMITED,850 PRINCE AVENUE,,ATHENS,GA,30606,706-546-1829,1,
5160,MR. UNIFORM,ATTN:  LEILA,11827 EAST ARTESIA BLVD.,ARTESIA,CA,90701,562-402-4188,1,
5170,VALLEY FORGE MILITARY ACADEMY,& COLLEGE BOOKSTORE #353,FOLLETT -- ACCOUNTS PAYABLE,OAK BROOK,IL,60522-3488,610-989-1543,1,
5200,UNIFORM CENTER - ND,1118 N. 3RD STREET,,BISMARCK,ND,58501,701-255-3331,1,SUE@UNIFORMCENTERND.COM
5210,SOUTHLAND MEDICAL GRAPHICS,4368 E. LA PALMA AVENUE,,ANAHEIM,CA,92807,714-729-2600,1,
5220,CINCINNATI POLICE SUPPLY UNIT,800 EVANS STREET,,CINCINNATI,OH,45204,513-352-2518,1,
5230,D & B SAFETY SUPPLY,1000 N. STATE STREET,SUITE 118,HEMET,CA,92543,951-658-8898,1,
5240,SUPERIOR UNIFORM SALES INC.,909 PHILLIPS AVENUE,,TOLEDO,OH,43612,419-476-9616,1,
5250,UNIFORMS PLUS,325 N. MAIN STREET,,PIQUA,OH,45356,937-773-5000,1,
5260,FAIRFIELD UNIFORM,1197 MAIN STREET,,BRIDGEPORT,CT,6604,203-335-9941,1,
5270,"M. J. CAHN CO., INC.",ATTN:  TOM LEAHY,510 WEST 27TH STREET,NEW YORK,NY,10001,212-563-7292,1,
5330,ARMY & NAVY SURPLUS SALES,707 W. WISCONSIN AVENUE,,MILWAUKEE,WI,53233,414-277-0110,1,
5340,MAC'S UNIFORMS,1984 FLATBUSH AVENUE,,BROOKLYN,NY,11234,718-377-5127,1,
5380,RIVERSIDE MANUFACTURING CO,P.O. BOX 460,,MOULTRIE,GA,31776,229-985-5210,1,
5400,"DRILLCOMP, INC.",6542A LOWER YORK ROAD,,NEW HOPE,PA,18938,866-374-5526,1,
5410,SABA'S UNIFORMS,931 CALIFORNIA AVENUE,,BAKERSFIELD,CA,93304-1517,661-323-7834,1,
5420,THE UNIFORM OUTLET,731 N. MAIN ST.,,HUBBARD,OH,44425,330-534-4055,1,
5430,"LESSCO'S ACADEMY PX, LLC",1015 SNOW STREET,,OXFORD,AL,36203,256-835-0909,1,
5440,A1 UNIFORMS,ATTN: MIKE PERUCCA,821 WEST 2225 SOUTH,SYRACUSE,UT,84075,801-394-2229,1,
5460,RANGEL'S UNIFORMS,11609 CRIPPLE CREEK DRIVE,,CORPUS CHRISTI,TX,78410-3740,361-884-3395,1,
5490,RON ROTH,1017 WYNDHAM HILLS DR.,,LEXINGTON,KY,40514,859-223-1092,1,
5500,J.B. SIMONS INC.,329 LYNNWAY,,LYNN,MA,1901,781-595-2644,1,
5510,LEXCOM TELECOMMUNICATIONS CO.,ATTN:  JIM SCOTT,P.O. BOX 1059,EXTON,PA,19341,610-942-7771,1,
5520,KALE UNIFORMS - NORTH,4813 N. MILWAUKEE AVENUE,,CHICAGO,IL,60630,773-355-4588,1,
5530,OMB'S EXPRESS POLICE SUPPLY,11333 STRANG LINE ROAD,,LENEXA,KS,66215,913-438-5507,1,
5540,"PALMETTO UNIFORMS, INC.",8869 SW 131ST STREET,,MIAMI,FL,33176-5944,305-667-9166,1,
5550,UNIFORM EXPRESS OF ROCHESTER,1408 BUFFALO ROAD,,ROCHESTER,NY,14624,585-529-4245,1,UNIFORMEXPRESS@FRONTIERNET.NET
5560,GALLS INC.,P.O. BOX 55208,,LEXINGTON,KY,40555-5208,859-266-7227,1,
5570,MICHAEL'S UNIFORM CO. INC.,7906 W. GRAND AVENUE,,ELMWOOD PARK,IL,60707,708-452-2600,1,
5580,BEST UNIFORMS (CA),5091 N. FRESNO ST.,SUITE 112,FRESNO,CA,93710,559-226-4235,1,
5590,"BROCKTON UNIFORM CO., INC.",423 BELMONT ST.,,BROCKTON,MA,2301,508-587-4219,1,
5600,"UNIVERSAL UNIFORM, CLOTHIER",& TEXTILES,159 E. FOURTH ST.,DUNKIRK,NY,14048,716-366-6151,1,
5610,"THE UNIFORM HOUSE, INC.",1927 N. CAPITOL AVE.,,INDIANAPOLIS,IN,46202,317-926-4467,1,
5620,CODE 3 UNIFORMS,717 A WEST IDAHO STREET,,ELKO,NV,89801,775-934-4205,1,
5630,NUNCIE'S,2625 2ND AVEN. N.,,BIRMINGHAM,AL,35203,800-841-8906,1,
5640,"WATERMARK GRAPHICS, INC.",9201 US HWY. 59N,,VICTORIA,TX,77905,361-576-6874,1,
5680,PECK'S BEE SUPPLIES,5700 RIDGEVIEW DRIVE,,HARRISBURG,PA,17112,717-545-6982,1,
5690,SHOWFETY'S,116 E. MARKET ST.,,GREENSBORO,NC,27401,336-272-7040,1,
5710,BOB CONKLIN,9639 FAIRDALE,,HOUSTON,TX,77063,713-781-8895,1,
5720,"ALLSTAR GLOVE & SAFETY, INC.","2580 TEEPEE DR., UNIT B",,STOCKTON,CA,95205,209-465-2238,1,
5730,TRI-PARISH POLICE SUPPLY,5537 HIGHWAY 311,,HOUMA,LA,70360,985-873-8985,1,
5740,KELLIE'S UNIFORMS,2209 LAPALCO BLVD.,SUITE HH,HARVEY,LA,70058,504-366-3976,1,
5750,SABE INTERNATIONAL,"8155 RICHMOND, SUITE 725",,HOUSTON,TX,77063,713-706-3267,1,
5760,FIRST PRECINCT UNIFORMS &,"EQUIPMENT CO., INC.",931 NORTH 8TH STREET,READING,PA,19601,610-655-9766,1,
5770,NIGHT'S UNIFORM,479 CROCKETT AT PARK,,BEAUMONT,TX,77701,409-833-4252,1,
5780,JO-PAUL'S ENTERPRISES,105-02 JAMAICA AVENUE,,RICHMOND HILL,NY,11418,718-849-3861,1,"925-460-3958 (FAX-PLEASANTON, CA)"
5790,THE UNIFORM PLACE,MC CLELLAN ENT. INC.,1910 ALBERT PIKE - SUITE I,HOT SPRINGS,AR,71913,501-624-5963,1,
5800,SMITH WALBRIDGE BAND PRODUCTS,PO BOX 148299,,NASHVILLE,TN,37214,615-301-8677,1,CELL #:  615-419-0366 SEAN@SWBANDPRODUCTS.COM
5810,TIDEWATER POLICE &,"SPORTSMAN SUPPLIES, INC.",15336 LAURELWOOD DRIVE,CARROLLTON,VA,23314-2312,757-380-8546,1,
5820,J. B. BATTLE UNIFORM,P.O. BOX 82459,,OKLAHOMA CITY,OK,73148-0459,405-232-6431,1,
5830,A.K. UNIFORMS & EQUIPMENT,1244 B. EXECUTIVE BLVD.,SUITE 104,CHESAPEAKE,VA,23320,757-410-3546,1,
5840,"WEST VALLEY UNIFORMS, INC.","8815 W. PEORIA AVE., #5",,PEORIA,AZ,85345,623-412-2677,1,
5850,TRA-FX PUBLIC SAFETY SUPPLY,454 SHIPPING LANE,,MOUNT PLEASANT,SC,29464,866-608-5692,1,INFO@TRAFXLEDLIGHTS.COM
5860,ALLWAYS McCAFFERTY'S UNIFORMS,6399 HAINES ROAD NORTH,,ST. PETERSBURG,FL,33702,727-528-4497,1,
5870,UNITED UNIFORMS,837 S. HAMILTON ROAD,,WHITEHALL,OH,43213,614-235-0107,1,
5880,JACK'S UNIFORMS & EQUIPMENT,P.O. BOX 446,,SOUTH SIOUX CITY,NE,68776-0446,402-494-2142,1,
5890,FROMM'S UNIFORMS,35 NORTH FRONT STREET,,STEELTON,PA,17113,717-939-4861,1,
5900,MATLICK ENTERPRISES INC.,d.b.a. UNITED FIRE EQUIP. CO.,335 N. 4TH AVENUE,TUCSON,AZ,85705,480-491-5780,1,UFEC: 800-673-4677 (JENNIFER)
5910,HAMO CREATIONS,P.O. BOX 6529,PAGO PAGO,AMERICAN SAMOA,,96799,684-733-2586,1,
5920,HAYDEN SCHOOL SUPPLY,55 WEST HOOVER,SUITE 9,MESA,AZ,85210,480-968-2670,1,
5930,MARYLAND QUARTERMASTER,118 SOUTH MAIN STREET,,BEL AIR,MD,21014,410-888-7614,1,LAURA@MDQUSA.COM
5940,GUILLERMO GONZALEZ,FUNDACION BANDA ESCUELA,NUESTRA SRA. DE ALTAGRACIA,VENEZUELA,,,,1,
5950,"RAN RON, INC.",937 W. BEECHER,,ADRIAN,MI,49221,517-264-6980,1,
5970,AMERICAN SHOOTERS SUPPLY,3440 ARVILLE ST,,LAS VEGAS,NV,89102,702-719-5000,1,
5980,CUSTOM UNIFORM COMPANY,1445 DAYTON STREET,,AURORA,CO,80010,303-366-4777,1,
6020,PIMA UNIFORMS #2,1454 N. 27TH AVENUE,,PHOENIX,AZ,85009,602-269-7251,1,
6030,"CANTERBURY CLOTHING, INC.",9 NEWPORT AVENUE,,N. QUINCY,MA,2171,617-773-0030,1,
6050,ALL PRO POLICE & FIRE SUPPLY,11412 W. SAMPLE ROAD,,CORAL SPRINGS,FL,33065,954-255-3511,1,
6060,"GLOBAL TRADING, INC.",7262 NW 33RD STREET,,MIAMI,FL,33122,305-471-4455,1,
6080,CINTAS CORPORATION,6800 CINTAS BLVD.,,MASON,OH,45040,513-573-4052,1,
6090,"SAYVILLE MEN'S SHOP, LTD.",15 MAIN STREET,,SAYVILLE,NY,11782,516-589-0838,1,
6100,"AMERICAN UNIFORM SALES, INC.","OF ALEXANDRIA, VA",5601-C GENERAL WASHINGTON DR.,ALEXANDRIA,VA,22312,703-941-9382,1,
6110,SIERRA PACIFIC TURF SUPPLY,P.O. BOX 84,,CAMPBELL,CA,95009-0084,408-374-4700,1,
6120,STARR UNIFORM CO.,207 CENTER STREET,,SCRANTON,PA,18503,570-344-6831,1,
6130,"RW PROMOTIONS, INC.",313 STANDARD REED ROAD,,WEST MONROE,LA,71291,318-381-6100,1,RWPROMOTIONS@COMCAST.NET
6140,METROPOLITAN UNIFORMS,162-10 JAMAICA AVENUE,,JAMAICA,NY,11432,718-526-5555,1,
6150,G & S PRODUCTS,505 SROUFE STREET,HIGHWAY 6 WEST,LIGONIER,IN,46767,260-894-7158,1,
6160,"JULES BROS. UNIFORMS, INC.",120 NW 25TH STREET,,MIAMI,FL,33127,305-754-6200,1,
6170,OUR PLACE UNIFORMS,2044 SMITH ST.,,N. PROVIDENCE,RI,2911,401-231-2370,1,
6180,UNIFORMS DEPOT,18552 SHERMAN WAY,,RESEDA,CA,91335,818-343-7554,1,
6190,"JOHN'S, INC.",720 HAMILTON STREET,,SOMERSET,NJ,8873,732-249-8800,1,
6200,CODE BLUE POLICE SUPPLY,5550 EASTEX FREEWAY,SUITE L,BEAUMONT,TX,77708,409-892-7836,1,
6210,SUSAN'S UNIFORMS,1601 CONCORD PIKE,INDEPENDENCE MALL,WILMINGTON,DE,19803,302-654-7507,1,
6220,FARMER'S SUPPLY COMPANY,2025 OLEANDER DRIVE,,WILMINGTON,NC,28403,910-763-4664,1,
6230,SAM HARRIS UNIFORMS,1025 N. SHERIDAN RD.,,PEORIA,IL,61606,309-673-5961,1,
6240,DELAWARE BAND SUPPLY,222 PLYMOUTH ROAD,,WILMINGTON,DE,19803,302-656-3952,1,
6250,"BLUMENTHAL UNIFORM CO., INC.",20812 INTERNATIONAL BLVD.,,SEA TAC,WA,98198-5949,206-824-7711,1,916-256-3300(SAC)/503-452-5055(PORT)
6260,ST. DAVID CATHOLIC CHURCH,3900 S. UNIVERSITY DRIVE,,DAVIE,FL,33328,,1,
6270,ASSOC. POLICE & FIRE EQUIP.,799 W. WAYNE STREET,,LIMA,OH,45801,419-222-7700,1,
6280,"CENTRAL POLICE SUPPLY, INC.",1410 WASHINGTON AVENUE,,HOUSTON,TX,77002,713-225-4392,1,
6290,BULLSEYE UNIFORM,"AND POLICE SUPPLY, INC.",601 N. EAST STREET,HUDSON,IL,61748,309-726-2240,1,
6300,ECONOMY UNIFORMS,375 WESTBURY AVENUE,,CARLE PLACE,NY,11514,516-333-0141,1,
6310,HARRISON UNIFORMS #1,2960 EDISON AVENUE,,JACKSONVILLE,FL,32254,904-388-0722,1,
6320,"SAFETY LEAGUE, INC. #2",772 CORPORATE CIRCLE,,NEW CUMBERLAND,PA,17070,717-774-3339,1,
6330,FOX OUTDOOR PRODUCTS,2040 N. 15TH AVENUE,,MELROSE PARK,IL,60160,708-338-9200,1,
6340,VALLEY UNIFORM CENTER,1841 S. MOONEY BLVD.,,VISALIA,CA,93277,559-739-8939,1,
6350,CHICO UNIFORM,2261 PERKINS AVENUE,,OROVILLE,CA,95966,530-533-4886,1,
6360,PAT'S MONOGRAMS & UNIFORMS,1125 WESTRIDGE PARKWAY,,SALINAS,CA,93907,831-424-9439,1,
6370,"MAC EQUIPMENT, INC.",4110 S. NOVA ROAD,,PORT ORANGE,FL,32127,386-788-5311,1,
6380,SIERRA POLICE SUPPLY,4931 ARNOLD AVENUE,,MC CLELLAN,CA,95652,916-640-0552,1,
6390,CADET STORE - U.S.M.A.,FELICIA BROWN / PO#,606 THAYER ROAD,WEST POINT,NY,10996,845-938-6277,1,
6400,"UNIVERSAL UNIFORMS, INC.",33 WILLIAM STREET,,NEWARK,NJ,7102,973-622-5700,1,
6410,KRANSON UNIFORMS,145 MUNDY STREET,,WILKES-BARRE TWP.,PA,18702,570-823-8612,1,
6420,VALLEY DEPARTMENT STORE,245 N. EUCLID AVENUE,,ONTARIO,CA,91762,909-984-8646,1,
6430,AT WORK UNIFORMS,P.O. BOX 40,,ORANGE BEACH,AL,36561,205-328-0232,1,
6440,THE UNIFORM SHOP,2708 KIRKMAN STREET,,LAKE CHARLES,LA,70601,337-439-2476,1,
6450,STAR FIRE EQUIP. SERVICE CO.,36846 ALABAMA HWY. 91,,HOLLY POND,AL,35083,256-796-7777,1,
6460,NEW YORK FILM ACADEMY,100 EAST 17TH STREET,,NEW YORK,NY,10003,212-674-4300,1,
6470,"INNOVATIVE HEADWEAR, INC.",507 SOUTH G STREET,,LAKE WORTH,FL,33460,800-940-4287,1,
6480,ACE UNIFORMS & ACCESSORIES,1506 EAST MCDOWELL ROAD,,PHOENIX,AZ,85006,602-258-7029,1,
6490,APOLLO SAFETY & INDUSTRIAL,1108 WEST 9TH STREET,,UPLAND,CA,91786-5703,909-982-4783,1,
6500,NEW YORK POLICE SUPPLY,1460 RIDGE ROAD EAST,,ROCHESTER,NY,14621,585-467-1370,1,
6510,"CUDA UNIFORM, INC.",24559 VAN BORN,,TAYLOR,MI,48180,313-292-7422,1,
6520,ADMIRAL FIRE & SAFETY,9 HAIGIS PARKWAY,,SCARBOROUGH,ME,4074,207-883-5270,1,
6530,DANA SAFETY SUPPLY,4737 SAN JUAN AVENUE,,JACKSONVILLE,FL,32210,904-388-7006,1,
6540,MERLE'S UNIFORMS,1401 RODEO CENTER BLVD.,,MESQUITE,TX,75149,972-285-1750,1,
6550,GREENE MILITARY,ATTN:  TOM SANDERS,2602 LEBANON PIKE,NASHVILLE,TN,37214,615-889-4161,1,
6560,HOME TOWN HEROES,421 SOUTH PERSHING,,ENERGY,IL,62933,618-988-8788,1,
6570,HUNTLEIGH USA CORP,NORFOLK INTERNATIONAL AIRPORT,2200 NORVIEW AVENUE,NORFOLK,VA,23518,757-889-9958,1,757-580-3965 (CELL-LILIBETH)
6580,U.S. ARMY SOLDIER SYS. COMMAND,DFAS-SL-FPW(VENDOR PAY BRANCH),4300 GOODFELLOW BLVD./BLDG.110,ST. LOUIS,MO,63120-0009,508-233-5483,1,
6590,FLEMINGTON DEPARTMENT STORE,151 HIGHWAY 31,,FLEMINGTON,NJ,8822,908-782-7662,1,
6600,COP STOP,6831 BROADWAY STREET,SUITE F,PEARLAND,TX,77581,281-412-7358,1,INFO.COPSTOP@GMAIL.COM
6610,"KERR'S MUSIC WORLD, INC.",911 BIGLEY AVENUE,,CHARLESTON,WV,25302,304-345-3011,1,
6620,L.N. CURTIS AND SONS,1800 PERALTA STREET,,OAKLAND,CA,94607,510-268-3325,1,JCURTIS@LNCURTIS.COM
6630,GULF STATES DISTRIBUTORS,P.O. BOX 241387,,MONTGOMERY,AL,36124-1387,334-271-2011,1,
6640,"J.C.M. UNIFORMS, INC.",151 E. CASS STREET,,JOLIET,IL,60432,815-723-3213,1,MC DON
6650,UNIFORM SHOPPE,134 SOUTH K STREET,,TULARE,CA,93274,559-685-1977,1,
6660,"ELITE PRODUCTS, LLC",1448 YOUNG STREET,OFFICE 12,HONOLULU,HI,96814,808-753-4550,1,
6680,"TUCKER MUSIC, INC.",2746 CANDLER ROAD,,DECATUR,GA,30034,404-212-0420,1,
6690,PREMIER UNIFORM,2111 WEST AVENUE,,SAN ANTONIO,TX,78201,915-771-6601,1,ESPIE@STERLINGS.BIZ
6700,SIMON JUNIOR UNIFORMS,271 EAST STREET,,LUDLOW,MA,1056,413-589-9045,1,
6710,SCIMITAR S. DE R.L.,EDIFICIO LA CASA DEL PINTOR,4TA. AVE. 8VA. CALLE,HONDURAS,,,504-237-5065,1,
6730,"B & B HONEY, INC.",5917 HOP HOLLOW ROAD,,HOUSTON,MN,55943,507-896-3955,1,
6740,WILSONS UNIFORMS,2239 GEER ROAD,,TURLOCK,CA,95382,209-522-8195,1,
6750,"B. SCHLESINGER & SONS, INC.",249 WEST 18TH STREET,,NEW YORK,NY,10011,212-206-8022,1,
6760,ED ROEHR SAFETY PRODUCTS,2710 LOCUST STREET,,ST. LOUIS,MO,63103,314-533-9344,1,
6770,ESPERANZA PERF. ARTS ASSOC.,P.O. BOX 502591,,SAN DIEGO,CA,92150-2591,858-391-1311,1,
6790,TRUPIANO UNIFORM CO.,1200 ULSTER AVE.,KINGS MALL,KINGSTON,NY,12401,914-336-0045,1,
6800,CENTURY UNIFORM - RALEIGH,P.O. BOX 46689,,RALEIGH,NC,27610-4998,919-772-1001,1,
6900,ARSLAN UNIFORMS,1045 DALTON AVE.,ATTN: ACCOUNTS PAYABLE,CINCINNATI,OH,45203,513-621-2111,1,
6910,TACTICAL PRO SHOP,269 S. LUCERNE BLVD.,,LOS ANGELES,CA,90004,818-468-7837 (LA),1,619-339-3083 (SAN DIEGO)
7000,ALAN STATON,103 EDGELL STREET,,BECKLEY,WV,25801,304-252-4328,1,
7010,"BROADWAY COSTUMES, INC.",1100 W. CERMAK ROAD,,CHICAGO,IL,60608,312-829-6400,1,
7020,192ND FIELD ARTILLERY,BATTALION ASSOCIATION,73 ARNOLD DRIVE,STAMFORD,CT,6905,203-353-5219,1,tyahn@malkinconstruction.com
7040,"NEVE'S UNIFORMS, INC.",5120 OSAGE STREET,SUITE 200,DENVER,CO,80221,303-455-7000,1,
7050,THE BAND SHOP,STATIONSSTRAAT 105,3980 TESSENDERLO,BELGIUM,EU,,32-1367-4386,1,
7060,"DESIGNLAB, INC.",825 OLD AIRPORT ROAD,,GREENVILLE,SC,29607,864-297-7199,1,
7070,TEMPLETON UNIFORMS,P.O. BOX 1479,,TEMPLETON,CA,93465,805-434-0814,1,
7080,ANDERSON'S UNIFORMS,ATTN:  CELINE,6500 DUBLIN BLVD. / SUITE A,DUBLIN,CA,94568,925-560-0715,1,
7090,UNIVERSITY OF NORTH GEORGIA,QUATERMASTER / PO#,82 COLLEGE CIRCLE,DAHLONEGA,GA,30597,706-864-1635,1,TERRENCE.HOLEMAN@UNG.EDU
7100,"U.S. SURPLUS SALES, INC.",4536 N. ORANGE BLOSSOM TRAIL,SUITE 1,ORLANDO,FL,32804,407-292-8112,1,
7110,JIMMIE MUSCATELLO'S,900 RHODE ISLAND AVE. NE,,WASHINGTON,DC,20018,202-393-7547,1,
7120,ROSSMAN APIARIES INC.,3364-A GA. HWY. 33 N,,MOULTRIE,GA,31768,229-985-7200,1,
7130,LEO'S UNIFORMS,3756 GOVERNMENT BLVD.,,MOBILE,AL,36693,334-666-7723,1,
7140,CAROLINA EMBLEM & EMBROIDERY,P.O. BOX 100,,CAMPOBELLO,SC,29322,864-468-4963,1,
7150,10-8 OUTFITTERS,1206 TOWANDA AVENUE,SUITE 1,BLOOMINGTON,IL,61701,309-820-1008,1,
7160,SPECIAL OPS UNIFORMS,ATTN:  ANNE KUYKENDALL,7468 E. ADMIRAL PLACE,TULSA,OK,74115,918-447-8900,1,
7170,TENNESSEE FIRE EQUIPMENT &,SAFETY SUPPLIES,646 OVERBRIDGE LANE,CHATTANOOGA,TN,37405,423-265-9100,1,
7180,SUPERIOR UNIFORM GROUP,P.O. BOX 4002,,SEMINOLE,FL,33775-0002,813-877-0511,1,727-397-9611 X8019/727-803-7134
7190,"K.E.E.P.R.S., INC.",1000 S. BENTON DR.,UNIT 420,SAUK RAPIDS,MN,56379,320-529-9585,1,
7200,NEVADA UNIFORMS & SUPPLIES,235 KEYSTONE AVENUE,,RENO,NV,89502,775-323-4452,1,
7210,BOB'S ARMY SURPLUS,1217 S. SAUNDERS STREET,,RALEIGH,NC,27603,919-833-8223,1,
7220,"M & C UNIFORMS, INC.",5269 HIATUS ROAD,,SUNRISE,FL,33351,954-578-8200,1,
7250,STERLING POSTAL UNIFORM,46950 COMMUNITY PLAZA,UNIT 106,STERLING,VA,20164,703-430-0387,1,
7260,"RDH QUEST, INC.",2150 NW 21ST STREET,,MIAMI,FL,33142,305-545-0665,1,
7270,EAGLE ONE GOLF PRODUCTS,120 WEST KATELLA AVE.,,ORANGE,CA,92667,800-448-7986,1,
7280,COMMAND UNIFORMS #128,6320 SCOTT HAMILTON DR.,,LITTLE ROCK,AR,72209,501-565-7883,1,
7290,"CAROLINA UNIFORMS & EQUIP, INC",2732 D INTERSTATE STREET,,CHARLOTTE,NC,28208,704-395-0660,1,CAROLINAUNIFORMS@BELLSOUTH.NET
7300,FROSTPROOF GROWERS,512 NORTH SCENIC HIGHWAY,,FROSTPROOF,FL,33843,863-635-3620,1,
7320,OZARK COP SHOP,993 N. SHILOH DRIVE,,FAYETTEVILLE,AR,72701,479-444-6818,1,
7340,"HELLEN'S UNIFORM SHOP, INC.",1862 THOMASVILLE ROAD,,TALLAHASSEE,FL,32303,850-222-1542,1,
7350,"S.F. TRAVIS COMPANY, INC.",300 DELANNOY AVE.,,COCOA,FL,32922,321-636-1441,1,
7360,CARPENTER UNIFORM,5801 THORNTON AVENUE,,DES MOINES,IA,50321,515-283-1985,1,
7370,"UNITEX DIRECT, INC.",8226 GOLDIE STREET,,WALLED LAKE,MI,48390,248-360-9661,1,
7380,ENTERPRISE UNIFORMS II - N.J.,131 EAST COMMERCE ST.,,"E. BRIDGETON,",NJ,8302,856-455-8296,1,
7390,ARAMARK UNIFORM SERVICES,2929 EMZEE,,GRANITE CITY,IL,62040,314-772-6214,1,
7400,SMART IMAGE,5539 W. MONTROSE AVENUE,,CHICAGO,IL,60641,773-286-8777,1,
7410,HARRISON UNIFORM CO. #5,3420 NW 7TH STREET,,MIAMI,FL,33125,305-642-1820,1,
7420,FLORIDA POLICE PRODUCTS,701 N.W. 36TH AVENUE,,MIAMI,FL,33125,305-642-3100,1,
7430,"BAND TODAY, LLC",ATTN: KEITH CAMPBELL,7 MICKEY LANE,HENDERSON,NC,27537,800-636-3502,1,
7440,ANN'S UNIFORM CENTER,9115 STOKES FERRY ROAD,,SALISBURY,NC,28146,704-633-4836,1,
7450,DUTY GEAR UNIFORMS,2200 GOVERNORS DRIVE SW,,HUNTSVILLE,AL,35805,256-534-6891,1,
7460,JAY'S UNIFORMS,7465 QUIVIRA ROAD,,SHAWNEE,KS,66216,913-362-5297,1,GRETCHEN@JAYSUNIFORMS.COM
7470,SIDNEY'S UNIFORMS,4334 SEPULVEDA  BLVD.,,CULVER CITY,CA,90230,310-837-1291,1,
7490,ROGERS UNIFORMS,700 WEST THIRD STREET,,WILLIAMSPORT,PA,17701,570-329-2111,1,
7500,COMERCIALIZADORA HOTELERA,HIGAMA / INDEPENDENCIA #2507,SECTOR CENTRO,MEXICO,,,011-52-867-713-0403,1,
7530,GREEN GUARD FIRST AID & SAFETY,4159 SHORELINE DRIVE,,EARTH CITY,MO,63045,314-344-1100,1,
7540,GUIDRY'S UNIFORMS,3909-A MOSS STREET,,LAFAYETTE,LA,70507,337-234-1363,1,
7550,GUY AYCOCK,310 TRAINOR STREET,,FRANKLIN,LA,70538,337-828-3853,1,
7560,ON DUTY UNIF. & EQUIP.,4572 TELEPHONE ROAD #920,,VENTURA,CA,93003,805-650-3889,1,
7570,"KAYS OF KINGSPORT, INC.",3216 E. STONE DRIVE,,KINGSPORT,TN,37660,423-288-5682,1,
7580,PRECISION SMALL ENGINE CO.,2510 N.W. 16TH LANE,,POMPANO BEACH,FL,33064,954-974-1960,1,
7590,"NAFECO, INC.",1515 WEST MOULTON STREET,,DECATUR,AL,35601,256-353-7100,1,
7620,CAPITOL UNIFORMS - DC,1919 5TH ST. N.E.,,WASHINGTON,DC,20002,202-526-3722,1,
7630,FINAL MILE TRADING,10621 SW 73RD TERRACE,,MIAMI,FL,33173,305-505-8097,1,MARI@FINALMILETRADING.COM
7640,SCHENECTADY RUDNICK CORP.,P.O. BOX 716,,SCHENECTADY,NY,12301,518-372-6486,1,
7650,TBK MANUFACTURING CORP.,P.O. BOX 12,,MEDFORD,WI,54451,715-748-5610,1,
7660,PDQ EMERGENCY PRODUCTS,1416 SO. SANTA FE,,SALINA,KS,67401,785-827-2241,1,
7670,CONCORD UNIFORMS,2190 MERIDIAN PARK BLVD.,SUITE Q,CONCORD,CA,94520,925-687-5800,1,
7680,POSTAL UNIFORMS DIRECT,20812 INTERNATIONAL BLVD.,,SEA TAC,WA,98198-5949,913-764-4488,1,
7690,"PANTHER UNIFORMS, INC.",1600 SECOND AVENUE,,ROCK ISLAND,IL,61201,309-793-4164,1,CINDY@PANTHERUNIFORM.COM
7700,ALAMAR UNIFORMS,3105 LEAVENWORTH STREET,,OMAHA,NE,68105,402-341-8790/8895-O,1,"913-850-5920/5921-L  (OMAHA, KANSAS CITY, LENEXA)"
7710,PENINSULA UNIF. & EQUIPMENT,2626 BROADWAY STREET,,REDWOOD CITY,CA,94063,650-701-0911,1,
7720,J. R. MANNO UNIFORMS,909 S. MILITARY TRAIL,#B-2,WEST PALM BEACH,FL,33415,561-439-4067,1,
7730,UNIFORMS BY BUTTERFIELD,1161 SOUTH U.S. #1,,FORT PIERCE,FL,34950,772-465-7476,1,
7740,"EAGLE UNIFORM CO., INC.",4732 W. 137TH STREET,,CRESTWOOD,IL,60445,708-371-0050,1,
7750,"US21, INC.",2721 PROSPERITY AVENUE,SUITE 300,FAIRFAX,VA,22031,703-560-0021,1,
7760,COMMAND UNIFORMS BY JOHN,1518 S. IRBY STREET,,FLORENCE,SC,29505,843-665-4612,1,
7770,MARCOBO UNIFORMS,3535 YARBROUGH,,EL PASO,TX,79925,915-592-3361,1,
7780,"G. WILLIE'S UNIFORMS, INC.",1407 MAHAN DRIVE,,TALLAHASSEE,FL,32308,850-878-0204,1,ACCOUNTING@GWILLIES.COM
7790,LIBERTY HIGH SCHOOL,6300 INDEPENDENCE AVENUE,,BEALETON,VA,22712,540-439-6300,1,
7800,"COLORADO COP & UNIFORM, INC.",1711 S. PRAIRIE AVENUE,,PUEBLO,CO,81005,719-561-1360,1,
7810,SCHWARZ UNIFORM,4711 STATE STREET,,CLEVELAND,OH,44109,216-741-2332,1,
7820,J R UNIFORMS & WORKWEAR,P.O. BOX 90943,,SAN ANTONIO,TX,78209,210-867-9099,1,
7830,"BOB'S UNIFORM SHOP, INC.",P.O. BOX 578,,MIDDLETOWN,NJ,7748,732-530-1212,1,
7840,CALIFORNIA COAST UNIFORMS,4242 CAPITOLA ROAD,,CAPITOLA,CA,95010,831-475-1911,1,
7850,PIONEER YOUTH CORPS OF OREGON,87230 CENTRAL ROAD,,EUGENE,OR,97402,541-988-0121,1,
7860,KAY UNIFORMS #2,1307 CHILHOWEE AVENUE,,KNOXVILLE,TN,37917,865-524-2171,1,
7870,ARMY/NAVY ACADEMY,FOLLETT -- ACCOUNTS PAYABLE,P.O. BOX 3488,OAK BROOK,IL,60522-3488,760-547-5236,1,
7880,"YOKOHAMA NIHONYA GAKKI CO.,LTD",ATTN:  MR. HIROSHI OGAWA,"1-6-7 TANMACHI, KANAGAWA-KU,",221-0825 JAPAN,,,011-81-45-314-5550,1,
7890,SMITH CLOTHING CO.,P.O. BOX 108,,ATHENS,TX,75751,903-368-2654,1,
7900,TOTE UNLIMITED,P.O. BOX 7875,,FORT WORTH,TX,76111-0875,817-698-8300,1,
7910,"PENN DUTCH MEATS, INC.",ATTN:  DALE,3950 NORTH 28TH TERRACE,HOLLYWOOD,FL,33020,954-921-4635,1,
7930,MATHIAS & SONS,"UNIT 11, AVON RIVERSIDE ESTATE","VICTORIA ROAD, AVONMOUTH",,,,011-44-117-982-2080,1,
7940,CODE 3 SUPPLY,4200 CANAL STREET,SUITE A,NEW ORLEANS,LA,70119,504-861-6408,1,
7950,MARINE MILITARY ACADEMY,ATTN:  QUARTERMASTER,320 IWO JIMA BLVD.,HARLINGEN,TX,78550,956-423-6006,1,
7970,BRODSKY'S UNIFORMS & EQUIP.,2632 SOUTH TACOMA WAY,,TACOMA,WA,98409,253-272-3530,1,
7980,CAREER STYLES,THE UNIFORM SHOP,1761 MC CULLOCH BLVD. N.,LAKE HAVASU CITY,AZ,86403,928-855-0871,1,
7990,UNIFORM WORLD,1271 BAY STREET,,STATEN ISLAND,NY,10305-3122,718-442-5973,1,
8000,JIM PUNDMANN,1411 COLONIAL DRIVE,,FULTON,MO,65251,800-386-4367,1,
8010,"GLOVES, INC.",50 SUFFOLK ROAD,,MANSFIELD,MA,2048,508-339-2590,1,
8020,ALL AMERICAN UNIFORMS & SUPPLY,811 REDWOOD,,GLENVIEW,IL,60025,847-998-6063,1,
8030,BANDO SHOES,309 BAYBROOK STREET,,THOMASVILLE,GA,31792,229-228-6578,1,
8040,SOMMERS PLASTIC PRODUCTS,81 KULLER ROAD,,CLIFTON,NJ,7015,973-777-7888,1,
8050,EXCELENCIA EN UNIFORMES,CARLOS CORTES,"FCO. SILVA ROMERO-524, COL.",MEXICO,,,,1,
8060,SPECIAL PRODUCTS GROUP,2023 CORPORATE DRIVE,,BOYNTON BEACH,FL,33426,561-732-0360,1,
8070,POSTAL UNIFORM.COM,12304 EDWARDS HOLLOW RUN,,AUSTIN,TX,78739,979-200-9800,1,
8080,PROFESSIONAL SERVICEWEAR,3800 QUAKERBRIDGE ROAD,SUITE 4,HAMILTON,NJ,8619,609-838-2228,1,
8090,MICHICA INTERNATIONAL CO. INC.,511 TINTILLO ROAD,TINTILLO HILLS,GUAYNABO,PR,966,787-783-8832,1,
8100,MONROEVILLE UNIFORM CO.,2526 MONROEVILLE BLVD.,ALSTON MALL,MONROEVILLE,PA,15146,412-824-2525,1,
8110,"LIQUID ED, INC.",740 WESLEY AVENUE,,TARPON SPRINGS,FL,34689,727-943-5845,1,
8130,FOREST UNIFORM CORP.,49 ELIZABETH STREET,,NEW YORK,NY,10013,212-777-1900,1,
8140,RDD ENTERPRISES INC.,dba AMERICAWEAR,3200 S. GRAND AVE.,LOS ANGELES,CA,90007,213-746-0020,1,
8150,DISNEYLAND INTERNATIONAL,NANCY BRAGGINS PO#,P.O. BOX 3232,ANAHEIM,CA,92803-3232,714-490-3057,1,
8170,USMA BAND,DAVID LOY SONG / PO#,685 HARDEE PLACE,WEST POINT,NY,10996-1587,845-938-2842,1,
8180,PULLEY'S BAND ACCESSORIES,7311 CASA LOMA AVENUE,,DALLAS,TX,75214-4106,877-311-2263,1,
8190,"KING'S SON, INC.",309 CENTRAL AVENUE,,JERSEY CITY,NJ,7307,201-656-6055,1,
8200,R.S.V.P. UNIFORMS,4116 PROGRESS AVENUE,,NAPLES,FL,34104,239-435-7787,1,
8210,CRESCENT WORK & OUTDOOR,801 8TH STREET,,MODESTO,CA,95354,209-529-3490,1,
8220,"DUNPHY'S EXTERMAPEST, INC.",P.O. BOX 2317,,CATHEDRAL CITY,CA,92235,760-321-7378,1,
8230,MB POLICE EQUIPMENT &,PROFESSIONAL UNIFORMS,2715 S. PRAIRIE AVENUE,PUEBLO,CO,81005,719-564-2918,1,
8240,MARLOW WHITE UNIFORMS,400 SENECA STREET,,LEAVENWORTH,KS,66048,913-651-6358,1,
8250,KELLY'S UNIFORMS,640 MAIN STREET,,BATON ROUGE,LA,70801,225-346-8589,1,
8260,SACRAMENTO UNIFORMS,2230 ARDEN WAY,SUITE H,SACRAMENTO,CA,95825,916-567-7877,1,
8270,"MIAMI DOLPHINS, LTD.",ATTN:  DORIE GROGAN,7500 S.W. 30 STREET,DAVIE,FL,33314,954-452-7000,1,
8280,"CHARLES BROCATO & SONS, INC.",1618 STOCKTON ROAD,,JOPPA,MD,21085,410-679-6534,1,
8290,BLUEGRASS UNIFORMS,ATTN:  ACCOUNTS PAYABLE,"132 CHESTER COURT, STE. 1",BOWLING GREEN,KY,42103,270-842-7700,1,502-581-1235(LOUISVILLE)
8300,GENESIS DIRECT,13918 E. MISSISSIPPI AVENUE,,AURORA,CO,80012-3603,303-576-8056,1,
8310,"AMERICANA UNIFORM CO., INC.",12513 ULMERTON ROAD,,LARGO,FL,33774,727-596-0611,1,
8320,GST PUBLIC SAFETY SUPPLY,1630 111TH STREET,,GRAND PRAIRIE,TX,75050,972-660-8433,1,
8330,"SKAGGS COMPANIES, INC.",ATTN:  ACCOUNTS PAYABLE,3828 S. MAIN STREET,SALT LAKE CITY,UT,84115,801-261-4400,1,
8340,COMMAND UNIFORMS BY JOHN (SC),3655 RIVERS AVENUE,,N. CHARLESTON,SC,29405,843-747-3011,1,
8350,COLING ENTERPRISES,1297 ROGIER DRIVE,,GREENVILLE,IL,62246,847-533-2945,1,
8360,"STREICHER'S, INC.",10911 WEST HIGHWAY 55,,MINNEAPOLIS,MN,55441,763-546-1155,1,336-333-9080 (FAX-NC)
8370,"GRUPO NIEMAND, C.A.",ATTN:  JESUS NIEMAND,,VENEZUELA,,,,1,
8380,VCG UNIFORM,5050 W. IRVING PARK ROAD,,CHICAGO,IL,60641,773-545-3676,1,
8390,QUINN'S UNIFORMS,814 ALAMO DRIVE,,VACAVILLE,CA,95688,707-453-1370,1,
8400,TURF TRADE,517 FRANKLINVILLE ROAD,,MULLICA HILL,NJ,8062,856-478-6704,1,
8410,F. MORTON PITT COMPANY,2950 JOHNSON DRIVE,SUITE 101,VENTURA,CA,93003,805-658-5133,1,
8420,PERFECT-FIT IMAGE APPAREL,P.O. BOX 548,,GALLATIN,TN,37066,615-451-2226,1,
8430,"CMS UNIFORMS & EQUIP., INC.",717 EWING AVENUE,,NASHVILLE,TN,37203,615-726-0009,1,
8440,WEBB'S UNIFORMS,25275 BUDDE ROAD,SUITE 1,SPRING,TX,77380,281-364-9553,1,
8450,REYNOLDS UNIFORMS,12919 SOUTHWEST FRWY. #130,,STAFFORD,TX,77477,281-242-1226,1,
8460,"JET MUSIC, INC.",14 W. OHIO AVENUE,,MT. VERNON,OH,43050,740-397-2020,1,
8470,"U.S. CAVALRY STORE, INC.",2855 CENTENNIAL AVENUE,,RADCLIFF,KY,40160,270-351-1164,1,
8480,"UNIFORM SALES OF AMERICA, INC.",P.O. BOX 719,,LITHIA SPRINGS,GA,30122,770-944-0596,1,
8490,G. I. JOE'S,196-198 FERRY STREET,,MALDEN,MA,2148,781-322-8600,1,
8500,ARIEL ABADI - PANAMA,LA FORTUNA,J. ABADI Y CIA. LTDA.,REP. OF PANAMA,,,507-263-6487,1,
8510,UNIFORM KINGDOM,2486 F. ROAD #10,PARKWEST PLAZA,GRAND JUNCTION,CO,81505,970-256-1600,1,
8520,"MOLNAR ENTERPRISES, INC.",9191 LEAVITT ROAD,,ELYRIA,OH,44035,440-986-3366,1,
8530,UNIFORMS WEST SUPPLY,237 W. 8600 SOUTH,,MIDVALE,UT,84047,801-561-0597,1,
8540,MANDEL ENTERPRISES,847 EAST 31ST STREET,,LOS ANGELES,CA,90011,323-231-2126,1,
8550,"BRAL MIAMI, INC. - VENEZUELA",7766 NW 46TH STREET,,MIAMI,FL,33166,305-717-3211,1,
8560,"DATUM PRECISION, INC.",JERE KELEHER,13090 NW 43RD AVENUE,OPA LOCKA,FL,33054,,1,
8570,AMERICAN BOOTWORKS,7415 PRESTON HIGHWAY,,LOUISVILLE,KY,40219,502-966-2592,1,
8580,COPTOONS POLICE SUPPLY,216 W. MAIN STREET,,MESA,AZ,85201,480-668-0740,1,
8590,BUTLER'S UNIFORMS,10289 SAN PABLO AVENUE,,EL CERRITO,CA,94530,510-527-7878,1,
8600,"ARMY STORE, INC. P.R.",CALLE PARQUE #86,,BAYAMON,PR,961,787-787-4325,1,
8610,TAHLEQUAH POLICE SUPPLY,307 S. MUSKOGEE,,TAHLEQUAH,OK,74464,918-431-0881,1,
8620,MILLER'S CLOTHING & SHOES,159 WEST HIGH AVENUE,,NEW PHILADELPHIA,OH,44663,330-364-2688,1,
8630,GRAVES UNIFORMS,102 SAVANNAH ROAD,,LEWES,DE,19958,302-645-7771,1,
8640,OKLAHOMA POLICE SUPPLY,5308 E. ADMIRAL PLACE,,TULSA,OK,74115,918-836-8027,1,
8650,PAR WEST TURF SERVICES,5462 OCEANUS DRIVE,SUITE H,HUNTINGTON BEACH,CA,92648,714-893-1555,1,
8660,EN CASA DEL CARTERO,LAS LOMAS PROF.CENTER SUITE 12,1700 AVENUE PINERO,PUERTO NUEVO,PR,921,787-782-7533,1,
8700,"KURENT SAFETY, INC.",3650 EAST WILLIAM STREET,,DECATUR,IL,62521,217-429-8889,1,
8710,"SUPPLY ROOM, THE",P.O. BOX 7277,,OXFORD,AL,36203,256-835-7676,1,
8720,BEAT STREET / ADRIAN HOY,53-55 STATION ROAD,CULLUBACKEY,NORTHERN IRELAND,,BT42 1BU,1.14428E+13,1,
8730,M.T. UNIFORMS,525 FRANKLIN STREET,,JOHNSTOWN,PA,15901-2627,814-536-2390,1,
8740,VANTECH PENINSULAR,CALLE 71 #574-A entre 74 y 76,COL. CENTRO,MEXICO,,,52-999-923-7448,1,
8750,"BLUE MOON SPORTSWEAR, INC.",4760 HWY. 377 SOUTH,,AUBREY,TX,76227,940-365-0060,1,
8760,NYE UNIFORM COMPANY,"1030 SCRIBNER, N.W.",,GRAND RAPIDS,MI,49504,616-459-5065,1,
8770,"UNIFORMITY SCHOOL & WORK, INC.",5040 B. WESTBANK EXPRESSWAY,,MARRERO,LA,70072,504-347-3922,1,
8780,MCGEE UNIFORM & SUPPLY,178 NAZARETH PIKE,,BETHLEHEM,PA,18020,610-746-2000,1,
8800,VINSON UNIFORMS,26094 HIGHWAY 190,,LACOMBE,LA,70445,985-882-3083,1,
8810,HIRSCH'S UNIFORMS,59 HANOVER STREET,,LEBANON,NH,3766,603-448-2454,1,
8820,"J.A. UNIFORMS, INC.",12323 SW 132ND COURT,,MIAMI,FL,33186,305-234-1231,1,
8830,VARSITY ARMY & NAVY,1279 CASTLE HILL AVENUE,,BRONX,NY,10462,718-828-4742,1,
8840,EAST RIDGE UNIFORMS,5309 RINGGOLD ROAD,,CHATTANOOGA,TN,37412,423-894-8441,1,
8850,"HYGRADE BUSINESS GROUP, INC.",232 ENTIN ROAD,,CLIFTON,NJ,7014,973-249-6700,1,
8860,PERFORMANCE UNIFORMS,3248 MAIN STREET,,MEXICO,NY,13114,315-963-0642,1,
8870,"JARVIS INDUSTRIES, INC.",P.O. BOX 706,,SPRING,TX,77383,281-370-5455,1,
8890,ASESORIA ADUANAL IMPORT/EXPORT,ATTN:  CHACHA SALAZAR,4610 MODERN LANE,LAREDO,TX,78045,956-791-8007,1,
8900,TED'S SPORTING GOODS,806 SOUTH MAIN STREET,,COLUMBIA,TN,38401,931-388-6387,1,
8910,APPAREL SEWN RIGHT,ATTN:  ACCOUNTS PAYABLE,"6148 LEE HIGHWAY, STE. 300",CHATTANOOGA,TN,37421-2941,423-899-2753,1,ASRKNO3@USEASR.COM
8920,"VELVET UNIFORMS, INC.",2810 WEST 3RD STREET,SUITE 3,SIOUX FALLS,SD,57104,605-332-1150,1,
8930,BEST UNIFORMS,2716 EXCHANGE DRIVE,,WILMINGTON,NC,28405,910-791-6050,1,
8940,TRILEX LTD.,104 LEXINGTON AVENUE,,PASSAIC,NJ,7055,973-471-2488,1,
8950,QUEEN CITY UNIFORMS,C/O BEST UNIFORMS,2716 EXCHANGE DRIVE,WILMINGTON,NC,28405,704-527-9097,1,
8960,UNIFORMITY,P.O. BOX 1106,,MINDEN,NV,89423,775-783-9191,1,
8970,TCS UNIFORMS,7849 W. EMERALD,,BOISE,ID,83704,208-377-5418,1,
8980,LARK UNIFORM,3860 S. HOWELL AVENUE,,MILWAUKEE,WI,53207,414-481-0740,1,
8990,JOE LUTES,,8115 LEE ROAD,BRIGHTON,MI,48116,517-231-1180,1,
9000,"BROOKHURST, INC.",107 WEST CAROB STREET,,RANCHO DOMINGUEZ,CA,90220,310-631-3500,1,
9010,WERTJES UNIFORMS,219 EAST 11TH STREET,,CEDAR FALLS,IA,50613,319-266-3392,1,
9020,MASSANUTTEN MILITARY ACADEMY,614 SOUTH MAIN STREET,PO#,WOODSTOCK,VA,22664,540-459-2167,1,
9030,PLEXUS INCORPORATED,118 WEST NEW YORK AVENUE,,DELAND,FL,32720,386-736-1244,1,
9040,DAY DREAMS UNIFORMS INC.,6911 HERITAGE DRIVE,,PORT ST. LUCIE,FL,34952,772-429-7454,1,
9050,"GLENDALE PARADE STORE, LLC",192 PARIS AVENUE,,NORTHVALE,NJ,07647-2016,800-653-5515,1,
9060,SHUMSKY ENTERPRISES,811 E. FOURTH STREET,,DAYTON,OH,45402,937-223-2203,1,
9070,STERLING'S PUBLIC SAFETY,DIV. OF PREMIER EMBLEM,2111 WEST AVENUE,SAN ANTONIO,TX,78201,210-523-0976,1,
9080,"KIDS KLOSET UNIFORMS, INC.",907-B PORTAGE TRAIL W.,,CUYAHOGA FALLS,OH,44221,330-929-1810,1,
9090,PHOENIX UNIFORMS,935 N. IMPERIAL AVENUE,,EL CENTRO,CA,92243,760-353-9482,1,
9100,FORK UNION MILITARY ACADEMY,RTE. 15,BOX 278,FORK UNION,VA,23055,434-842-3212,1,
9110,ROYAL CANADIAN LEGION BAND,C/O BOB WILSON/WARREN PIHLAJA,1002 AGUSTA STREET,SAULT STE. MARIE,MI,49783,705-649-2855,1,
9120,RANCHLAND BOSSIER INC.,1130 AIRLINE DRIVE,,BOSSIER CITY,LA,71112,318-747-0902,1,
9130,PREMIUM SERVICES MANAGEMENT,2245 GODBY ROAD,SUITE 204,ATLANTA,GA,30349,404-767-5600,1,
9140,THE BAND HALL,DIV. OF KH ENTERPRISES INC.,P.O. BOX 100855,NASHVILLE,TN,37224-0855,615-252-2263,1,
9150,INTERNATIONAL UTILITY SERVICES,"CALLE LOS FLORES,SABANA GRANDE","TORRE OLIGAREL,PISO6,OFICINA6B","CARACAS,VENEZUELA",,,5.82128E+11,1,
9160,"HPI DIRECT, INC.",785 GODDARD COURT,,ALPHARETTA,GA,30005,678-942-1800,1,acheney@hpidirect.net
9170,LIBERTY OUTFITTERS,P.O. BOX 114,,HINESVILLE,GA,31310-0114,912-877-7627,1,
9180,"M & M UNIFORMS, INC.",427 RAILROAD STREET,,BRIDGEVILLE,PA,15017,412-221-7660,1,"412-384-3121 (ELIZABETH, PA)"
9190,HAMILTON FIREFIGHTERS DRUM COR,175 DARTNALL ROAD SOUTH,HAMILTON,ONTARIO,CA,L8W 3V9,905-318-1777,1,
9200,"E & S POLICE SUPPLY, INC.",21 RIVERBANK ROAD,,ATTLEBORO,MA,2703,508-431-1403,1,
9210,BAZAAR UNIFORM STORE,**DO NOT DO BUSINESS,WITH THEM,,,,915-544-7340,1,
9220,"DIXIE UNIFORMS & SUPPLIES, INC",609 HWY. 82 E.,,GREENVILLE,MS,38701,662-335-1234,1,
9230,COMMAND UNIFORMS - MEMPHIS,4280 MACON ROAD,,MEMPHIS,TN,38122,901-767-1420,1,
9240,SOUTHERN UNIFORM & EQUIPMENT,P.O. BOX 433,,CARTHAGE,MO,64836,417-358-7811,1,
9250,"INTERNATIONAL UNIFORM, INC.",P.O. BOX 1424,1216 BROAD STREET,AUGUSTA,GA,30901,706-722-4653,1,
9260,SRI MONOGRAMMING,P.O. BOX 2383,,ROUND ROCK,TX,78680-2383,512-388-4989,1,
9270,MARKSMAN RANGE & THREADS,dba RANGE MASTER OF SLO,11 HIGUERA,SAN LUIS OBISPO,CA,93401,805-545-0322,1,
9280,LITTLE'S BAND ACCESSORIES,4 HIGHVIEW COURT,,DENTON,TX,76205,940-465-0874,1,
9290,SAFETY & SECURITY INT'L LLC,"DIV. AARON-BRADLEY CO., INC.",P.O. BOX 1028,FRANKLIN,TN,37065-1028,615-425-0560,1,877-282-4536
9300,USCG COMMERCIAL INVOICES,USCG FINANCE CENTER,P.O. BOX 4115,CHESAPEAKE,VA,23327-4115,609-861-7903,1,
9310,911 SUPPLY LLC,4484 RIVER ROAD N.,,KEIZER,OR,97303,503-393-4911,1,
9320,LITTLE'S SPECIAL SERVICES,P.O. BOX 738,325 E. LIBERTY STREET,PILOT POINT,TX,76258,940-686-2863,1,
9330,"UNIFIRST HOLDINGS, L.P.",P.O. DRAWER 2867,,CORPUS CHRISTI,TX,78403,361-883-9275,1,
9340,"NARDIS, INC.",500 EAST MAIN STREET,,KILGORE,TX,75662,903-984-8900,1,
9350,MHQ MUNICIPAL SUPPLY,C/O AUTOMOTIVE MANAGEMENT,33 MILLBROOK STREET,WORCESTER,MA,1606,617-469-2121,1,
9360,ADVANCE UNIFORM CO.,1132 SOUTH WABASH AVENUE,,CHICAGO,IL,60605,312-922-1797,1,
9370,REPRESENTACIONES A2CM DE AMERI,"CENTRO PLAZA, NIVEL JARDIN","PASEO VEREDA, OFIC. CC-3-55",VENEZUELA,,,58-212-2862583,1,eldar_levy@hotmail.com
9380,STANFORD POLICE & EMR. SUPPLY,3201 BROOKS STREET,,MISSOULA,MT,59801,406-542-1926,1,stanford@stanfordpolicesupply.com
9390,SHUTTLER'S UNIFORMS - PARMA,1850 SNOW ROAD,,PARMA,OH,44134,216-739-9600,1,
9400,WARRIOR KIT SAFETY &,SURVIVAL GEAR,368 S. MCCULLOCH,PUEBLO WEST,CO,81007,719-547-8836,1,DEB@WARRIORKIT.COM
9410,IMAGE ONE UNIFORMS,12274 MAHONING AVENUE,SUITE 11,NORTH JACKSON,OH,44451,330-538-9900,1,
9420,S.S. SUPPLIES S.A.,APARTADO 1589,ATTN: JAVIER SOLANILLA,PANAMA 1,,PANAMA,011-507-236-0514,1,
9430,SAN MARCOS BAPTIST ACADEMY,2801 RANCH ROAD 12,,SAN MARCOS,TX,78666-9406,512-353-2400,1,
9440,JIM'S FORMAL WEAR CO.,804 E. BROADWAY,P.O. BOX 125,TRENTON,IL,62293,618-224-9211,1,
9450,BATES & THIGPEN,335 THIRD STREET,,BATON ROUGE,LA,70801,225-387-0929,1,
9460,UKROP'S DRESS EXPRESS,3002 STONY POINT ROAD,,RICHMOND,VA,23235,804-323-3300,1,
9470,"UNIFORMS, INCORPORATED",1489 PRUDENTIAL DRIVE,,DALLAS,TX,75235,214-630-0924,1,
9480,S.A. FEATHER COMPANY,5852 ENTERPRISE PARKWAY,,FORT MYERS,FL,33905-5001,800-226-8698,1,
9490,LAPP'S BEE SUPPLY CENTER,P.O. BOX 278,,REESEVILLE,WI,53579,800-321-1960,1,
9500,PLT NETWORK.CORP,12581 SW 134 CT. SUITE #102,,MIAMI,FL,33186,305-234-3115,1,
9510,"BAND SERVICES, INC.",3 HIGHLAND GREEN,DALE HELMBRECHT,MERRIMACK,NH,03054-3688,603-429-1853,1,
9520,L.C. ACTION POLICE SUPPLY,1088 N. FIRST STREET,,SAN JOSE,CA,95112,408-294-2677,1,
9530,CHARLES UNIFORM CO.,P.O. BOX 26742,,ST. LOUIS PARK,MN,55426,952-444-0797,1,
9540,PATROL TECHNOLOGY,11349 E. 61ST STREET SO.,,BROKEN ARROW,OK,74012,888-454-4867,1,
9550,MADERA UNIFORM & ACCESSORIES,17035 ROAD 26,SUITE G,MADERA,CA,93638,559-661-0777,1,
9560,UTAH VALLEY STATE COLLEGE,UVSC BALLROOM DANCE CO.,800 WEST UNIVERSITY PARKWAY,OREM,UT,84058,801-863-8754,1,
9570,SOUTHEAST TX VETERANS SVC.GRP.,4788 WALEA DRIVE,,ORANGE,TX,77632,409-745-3427,1,
9580,ACTION SURPLUS,4251 FRANKLIN BLVD.,,EUGENE,OR,97403-2701,541-746-1301,1,
9590,SELIX FORMALWEAR,P.O. BOX 29,,HAYWARD,CA,94543,510-881-0333,1,
9600,"POSTAL PRODUCTS UNLIMITED, INC",500 W. OKLAHOMA AVENUE,,MILWAUKEE,WI,53207-2649,414-290-1500,1,
9610,FLORIDA POWER & LIGHT,9250 W. FLAGLER STREET,,MIAMI,FL,33174,305-552-3663,1,
9620,MARCHMASTER,PO BOX 73379,24 MAGNOLIA DRIVE,NEWNAN,GA,30263,678-423-3900,1,JMARCHMASTER@YAHOO.COM
9630,G & G FIRE PROTECTION,BERNARD ROAD,P.O. BOX SS-6968,BAHAMAS,,,242-393-3973,1,
9640,TUX-N-TAILS,111 S. LOCUST STREET,,VISALIA,CA,93291,559-627-3104,1,
9650,TRI-STATE POLICE & FIRE EQUIP.,P.O. BOX 89,,WINTHROP,ME,4364,207-395-4996,1,
9660,"ENFORCEMENT UNIFORMS, INC.",3160 N. PORTLAND,,OKLAHOMA CITY,OK,73112,405-488-6105,1,
9680,H.A. SMITH & SON UNIFORMS,5841 BEACON STREET,,PITTSBURGH,PA,15217-2003,412-322-1181,1,
9690,NEW ENGLAND UNIFORM LLC.,356 MAIN STREET,,DANBURY,CT,6810,203-792-5256,1,
9700,BJ'S FAMOUS UNIFORMS,3950 LEOPARD STREET,,CORPUS CHRISTI,TX,78408,361-888-9142,1,
9710,AL BANDER HOTEL & RESORT,P.O. BOX 28567,RIFFA,,,,973-17-701201,1,gmanager@albander.com
9720,SECOND CORPS OF CADETS,23 VERA ROAD,,MIDDLETON,MA,1949,978-111-0883,1,
9730,CINTAS - #701,11 COMMERCIAL STREET,,BRANFORD,CT,6405,203-488-3710,1,
9740,"LONE STAR UNIFORMS, INC.",P.O. BOX 692348,,HOUSTON,TX,77269-2348,832-237-8000,1,
9750,"UPSTART PRODUCTS, INC.",P.O. BOX 5777,,TITUSVILLE,FL,32783-5777,321-269-9370,1,
9760,RED DIAMOND UNIFORM,4437 MAHONING AVENUE,,AUSTINTOWN,OH,44515-1602,330-270-9653,1,
9770,HANKIN BROTHERS CAP CO.,1910 GENESEE STREET,,BUFFALO,NY,14211-1811,716-892-8840,1,
9780,UNIFORM EXPRESS LTD.,496 N. GARFIELD AVENUE,,MONTEBELLO,CA,90640,323-838-8073,1,
9790,LEBO'S INC.,2321 CROWN CENTRE DRIVE,,CHARLOTTE,NC,28227,704-321-5100,1,
9800,"DISCOUNT UNIFORMS INT'L, INC.",5302 GULFTON,,HOUSTON,TX,77081,713-661-4554,1,
9810,GREENZKEEPER WHOLESALE SUPPLY,6601 HOLLANDAIRE DRIVE WEST,,BOCA RATON,FL,33433,561-441-5405,1,
9820,UNIFORM HEADQUARTERS INC.,dba.KEYSTONE UNIFORM DEPOT,123 S. CITRUS AVENUE,COVINA,CA,91723,626-915-1936,1,
9830,STAR UNIFORM - IN,2156 LOCUST STREET,,PORTAGE,IN,46368,219-763-2998,1,STARUNIFORM@FRONTIER.COM
9840,ECUATRADING INT'L SERVICES,803 REGAL COVE ROAD,(VENEZUELA),WESTON,FL,33326,954-822-6245,1,
9850,C & S SUPPLIES,4210 DILLON LANE,,CORPUS CHRISTI,TX,78415,361-855-6222,1,
9860,BROOKS POLICE & FIRE SUPPLIES,1004 BUTLER AVENUE,,BOAZ,AL,35957,256-840-0417,1,
9870,"PROF. ERNY'S MUSIC CO., INC.",1508 S. COLLEGE ROAD,,LAFAYETTE,LA,70505-1922,337-232-1850,1,
9880,"BEN'S UNIFORMS, INC.",20 MAIN STREET,,AMESBURY,MA,1913,978-388-0471,1,
9890,WESTERN BAND SPECIALTIES,P.O. BOX 12365,,SCOTTSDALE,AZ,85267,,1,
9900,L & M FOOTWEAR,5303 E. WASHINGTON BLVD.,,COMMERCE,CA,90040,323-948-4800,1,
9910,"ACTION MEDICAL SUPPLY, INC.",109 HIGHWAY 463 SOUTH,P.O. BOX 14,TRUMANN,AR,72472,870-483-6959,1,
9920,CLEVELAND GRAYS ARMORY MUSEUM,ATTN:  SCOTT HUTCHERSON,1234 BOLIVAR ROAD,CLEVELAND,OH,44115,216-204-2447,1,
9930,D & H CUSTOM EMBROIDERY,ATTN:  HECTOR COROMINAS,5131 101ST STREET,JACKSONVILLE,FL,32210,904-317-0606,1,
9940,"U.S. UNIFORM & SUPPLY, INC.",815 N. DELAWARE STREET,,INDIANAPOLIS,IN,46204,317-822-8166,1,
9950,NEW MEXICO MILITARY INSTITUTE,ATTN:  BOOKSTORE,101 W. COLLEGE BLVD.,ROSWELL,NM,88201,575-624-8207,1,
9960,ATHENA POLICE SUPPLY,11965 SEA BREEZE COVE,,FT. MYERS,FL,33908,239-454-3449,1,
9970,RAINBOW GRAPHICS,118 ADAMS STREET,,MANCHESTER,CT,6040,860-646-8997,1,
9980,FOLTZ & SON,1204 HWY. 156 S.,,HASLET,TX,76052,817-439-0055,1,
9990,BAYSINGER POLICE SUPPLY,430 E. CENTRAL,,WICHITA,KS,67202,316-262-5663,1,
10000,ASH BRITT POLICE & SEC. UNIF.,2837 CHURCH STREET,,EAST POINT,GA,30344,404-684-5736,1,
10010,WASHINGTON LIGHT INFANTRY,287 MEETING STREET,,CHARLESTON,SC,29401,843-766-0926,1,
10020,UNIFORM OUTFITTERS,714 ELM STREET,,WOODRUFF,WI,54568,715-358-7529,1,
10030,ALBERT'S MENS SHOP/UNIFORMS,809 MONMOUTH STREET,,NEWPORT,KY,41071,859-261-9508,1,
10040,QUARTERMASTER POLICE SUPPLY,"13771 WARWICK BLVD., #55",,NEWPORT NEWS,VA,23602,757-877-6755,1,
10050,PRECINCT POLICE PRODUCTS,6350 WADSWORTH BLVD.,,ARVADA,CO,80003,303-421-1515,1,
10060,"LONG'S OF HUTCHINSON, INC.",110 N. MAIN,,HUTCHINSON,KS,67501,620-663-1561,1,
10070,JONES UNIFORM SHOP,726 HARBOR DRIVE,,PORTSMOUTH,VA,23704,757-713-0028,1,
10080,NORTHWOOD SPECIALTIES,7628W RIVERS BEND DRIVE,,MANISTIQUE,MI,49854,906-341-5133,1,
10090,A.R.D. UNIFORM ENTERPRISES,222 SAVILLE AVENUE,,EDDYSTONE,PA,19022,610-874-8773,1,
10100,UNIVERSAL POLICE SUPPLY CO.,2090 E. UNIVERSITY DR.,SUITE 115,TEMPE,AZ,85281,480-968-2118,1,
10110,ABSOLUTE EQUIPMENT,4310 LOSEE ROAD,SUITE #2,N. LAS VEGAS,NV,89030,702-651-6693,1,
10120,HEIGHTS FASHIONS U.S.A.,466 BROADWAY,,BAYONNE,NJ,7002,201-339-0301,1,
10130,ALL SEASONS UNIFORMS,3600 HACIENDA BLVD.,SUITE G,DAVIE,FL,33314,954-583-5208 X318,1,
10140,"KINSCO, LLC",1530 SKYWAY DRIVE,,LONGMONT,CO,80504,303-772-7720,1,
10150,ED DILANIAN UNIFORMS,5316 FRANKLIN RIDGE CIRCLE,,W. BLOOMFIELD,MI,48322,248-932-1717,1,
10160,RED DOT UNIFORM & SUPPLY CO.,1535 EAST HIGHWAY 80,,POOLER,GA,31322,912-748-5828,1,
